clust_no,area,region,mpi_0,mpi_0_SE,mpi_0_loCI,mpi_0_upCI,mpi_3,mpi_3_SE,mpi_3_loCI,mpi_3_upCI,tot_samp_ppl,pct_samp_ppl_mis
1,urban,Banteay Meanchay,0.43055558,0.07759084,0.25163078,0.6094804,0.41071433,0.08914204,0.2051524,0.6162762,56,0.0
2,urban,Banteay Meanchay,0.31796694,0.0936414,0.10202947,0.5339044,0.22340427,0.11689193,-0.046148993,0.49295753,47,0.0
3,urban,Banteay Meanchay,0.18439716,0.03921927,0.09165833,0.277136,0.06382979,0.059081525,-0.07587582,0.2035354,52,9.61538553237915
4,urban,Banteay Meanchay,0.24444444,0.031929277,0.17081541,0.3180735,0.05925926,0.044812094,-0.044077616,0.16259614,45,0.0
5,urban,Banteay Meanchay,0.44082132,0.11867981,0.16714518,0.71449745,0.37439618,0.14205565,0.046815276,0.7019771,46,0.0
6,urban,Banteay Meanchay,0.4030303,0.048335496,0.28873503,0.5173256,0.33939394,0.08559731,0.13698848,0.5417994,55,0.0
7,rural,Banteay Meanchay,0.45454547,0.04499783,0.3555059,0.55358505,0.42279944,0.071595356,0.26521912,0.5803797,77,0.0
8,rural,Banteay Meanchay,0.44547328,0.11097118,0.18957326,0.7013733,0.39300415,0.13426563,0.083387025,0.7026213,54,0.0
9,rural,Banteay Meanchay,0.27564102,0.035229273,0.19594689,0.35533518,0.15277778,0.06671056,0.0018680088,0.30368754,56,7.142859697341919
10,rural,Banteay Meanchay,0.36961454,0.053161364,0.24702421,0.49220484,0.27437642,0.09100158,0.06452642,0.48422644,49,0.0
11,rural,Banteay Meanchay,0.4335155,0.051413454,0.32035527,0.54667574,0.36247724,0.07924892,0.18805155,0.53690296,69,11.594200134277344
12,rural,Banteay Meanchay,0.52424246,0.06862203,0.3732064,0.67527854,0.4565657,0.09401488,0.24964036,0.6634911,60,8.33333134651184
13,rural,Banteay Meanchay,0.5062598,0.06886125,0.35749415,0.65502554,0.44600943,0.0938415,0.24327719,0.64874166,71,0.0
14,rural,Banteay Meanchay,0.61111116,0.06257219,0.47593218,0.7462902,0.6002887,0.06596674,0.4577762,0.74280113,77,0.0
15,rural,Banteay Meanchay,0.6583334,0.028551098,0.5961259,0.7205409,0.6583334,0.028551098,0.5961259,0.7205409,80,0.0
16,rural,Banteay Meanchay,0.47603488,0.057789393,0.3453062,0.6067636,0.42701527,0.084665745,0.23548806,0.6185425,64,20.3125
17,rural,Banteay Meanchay,0.48511907,0.060998797,0.3492053,0.6210329,0.42063496,0.090072356,0.21994124,0.62132865,59,5.084747076034546
18,rural,Banteay Meanchay,0.5915033,0.052969143,0.46935624,0.7136504,0.5915033,0.052969143,0.46935624,0.7136504,63,19.04761791229248
19,rural,Banteay Meanchay,0.63683134,0.04616197,0.53240573,0.74125695,0.63683134,0.04616197,0.53240573,0.74125695,59,8.474576473236084
20,rural,Banteay Meanchay,0.5652778,0.030673223,0.4969336,0.633622,0.5652778,0.030673223,0.4969336,0.633622,40,0.0
21,rural,Banteay Meanchay,0.4160494,0.040178783,0.32652548,0.5055733,0.3580247,0.06934452,0.20351548,0.5125339,45,0.0
22,rural,Banteay Meanchay,0.5798123,0.04323807,0.4856046,0.67401993,0.5680752,0.048935685,0.46145347,0.67469686,71,0.0
23,rural,Banteay Meanchay,0.43827164,0.06344794,0.2969008,0.5796425,0.32962966,0.11078202,0.08279193,0.5764674,45,0.0
24,rural,Banteay Meanchay,0.433642,0.05735427,0.3086778,0.5586062,0.33410496,0.08983055,0.13838102,0.5298289,72,0.0
25,rural,Banteay Meanchay,0.67129636,0.04272431,0.5772608,0.765332,0.67129636,0.04272431,0.5772608,0.765332,60,0.0
26,rural,Banteay Meanchay,0.55076635,0.04625007,0.44999608,0.6515366,0.52681994,0.06269334,0.3902229,0.66341704,64,9.375
27,rural,Banteay Meanchay,0.46949893,0.054254115,0.34861323,0.59038466,0.42156866,0.07883546,0.24591231,0.597225,51,0.0
28,rural,Banteay Meanchay,0.42184561,0.081809364,0.23677996,0.60691124,0.37099814,0.10104656,0.14241494,0.59958136,59,0.0
29,urban,Kampong Cham,0.12794614,0.0542429,-0.011489684,0.26738194,0.0,,,,33,0.0
30,rural,Kampong Cham,0.3814815,0.04389466,0.28487,0.478093,0.32037038,0.06864752,0.16927822,0.47146255,60,0.0
31,rural,Kampong Cham,0.5915033,0.07315987,0.43047956,0.7525271,0.5697169,0.087307446,0.37755445,0.76187927,51,0.0
32,rural,Kampong Cham,0.59629637,0.0819791,0.41363552,0.7789572,0.5546297,0.10124516,0.32904142,0.78021795,60,0.0
33,rural,Kampong Cham,0.460452,0.050643183,0.35011,0.57079405,0.40866292,0.07634559,0.24232018,0.57500565,67,11.940300464630127
34,rural,Kampong Cham,0.6367522,0.035759132,0.5600565,0.7134479,0.6367522,0.035759132,0.5600565,0.7134479,104,0.0
35,rural,Kampong Cham,0.41444448,0.08343661,0.22853613,0.6003528,0.35000002,0.10677446,0.11209173,0.5879083,50,0.0
36,rural,Kampong Cham,0.37068966,0.05611945,0.24564774,0.4957316,0.28352493,0.08565538,0.09267285,0.47437698,58,0.0
37,rural,Kampong Cham,0.39015153,0.059155926,0.25834394,0.5219591,0.30429295,0.08805913,0.10808498,0.5005009,44,0.0
38,rural,Kampong Cham,0.3957115,0.045533054,0.2965035,0.4949195,0.3060429,0.08099909,0.12956104,0.48252475,61,6.557375192642212
39,rural,Kampong Cham,0.46322381,0.052540347,0.34874824,0.5776994,0.42253524,0.070123196,0.26974994,0.57532054,75,5.33333420753479
40,rural,Kampong Cham,0.31196582,0.04957486,0.2028523,0.42107937,0.19145301,0.07321129,0.03031605,0.35258996,68,4.411762952804565
41,rural,Kampong Cham,0.7271728,0.039309263,0.64286286,0.8114828,0.7271728,0.039309263,0.64286286,0.8114828,101,0.0
42,rural,Kampong Cham,0.5,0.040344443,0.410107,0.58989304,0.48765433,0.050376885,0.37540764,0.599901,61,11.47540807723999
43,rural,Kampong Cham,0.41614258,0.039002415,0.33029884,0.5019863,0.39413,0.04891662,0.28646523,0.50179476,53,0.0
44,rural,Kampong Cham,0.6008231,0.05820928,0.47112474,0.73052144,0.580247,0.07032603,0.4235508,0.7369431,54,0.0
45,rural,Kampong Cham,0.3482385,0.04169779,0.2520832,0.44439375,0.26422766,0.0802078,0.07926812,0.44918716,41,0.0
46,rural,Kampong Cham,0.63138145,0.039523184,0.5459968,0.7167661,0.63138145,0.039523184,0.5459968,0.7167661,81,8.641976118087769
47,rural,Kampong Cham,0.41165757,0.03628679,0.33259547,0.4907197,0.39344263,0.047323253,0.29033414,0.49655116,61,0.0
48,rural,Kampong Cham,0.47892722,0.04364979,0.3846276,0.57322687,0.46743298,0.05066248,0.35798335,0.5768826,63,7.9365074634552
49,rural,Kampong Cham,0.42063496,0.05218463,0.30693442,0.5343355,0.35034016,0.078067765,0.1802451,0.5204352,49,0.0
50,rural,Kampong Cham,0.67473125,0.047360368,0.5704918,0.7789707,0.67473125,0.047360368,0.5704918,0.7789707,62,0.0
51,rural,Kampong Cham,0.42914656,0.061100904,0.29300526,0.5652879,0.37439618,0.08345151,0.18845463,0.5603377,69,0.0
52,rural,Kampong Cham,0.5401235,0.061338924,0.40511745,0.6751296,0.5154321,0.078799285,0.34199607,0.6888682,54,0.0
53,rural,Kampong Cham,0.50592595,0.055199612,0.38667446,0.6251775,0.46370375,0.072186805,0.30775362,0.6196539,75,0.0
54,rural,Kampong Cham,0.5939154,0.043776367,0.49934232,0.6884885,0.5806879,0.05266784,0.46690595,0.69446987,84,0.0
55,rural,Kampong Cham,0.64814824,0.04357504,0.5522402,0.7440562,0.64814824,0.04357504,0.5522402,0.7440562,54,0.0
56,urban,Kampong Chhnang,0.48611116,0.05418294,0.37124845,0.60097384,0.45092598,0.06798237,0.30680978,0.59504217,120,0.0
57,urban,Kampong Chhnang,0.33045977,0.03962377,0.2390872,0.42183235,0.24329503,0.07770123,0.06411565,0.42247438,58,0.0
58,urban,Kampong Chhnang,0.21282052,0.031069107,0.14359424,0.2820468,0.06837607,0.041907985,-0.025000738,0.16175288,65,0.0
59,rural,Kampong Chhnang,0.58126044,0.083141096,0.3982681,0.7642527,0.52736324,0.10480878,0.29668066,0.7580458,67,0.0
60,rural,Kampong Chhnang,0.6206897,0.046758648,0.51650494,0.7248745,0.6206897,0.046758648,0.51650494,0.7248745,58,0.0
61,rural,Kampong Chhnang,0.45913157,0.043953866,0.36595353,0.55230963,0.42337167,0.05718467,0.3021456,0.54459774,87,0.0
62,rural,Kampong Chhnang,0.5187794,0.07035576,0.36548737,0.6720714,0.48826295,0.08627268,0.30029094,0.67623496,78,8.974361419677734
63,rural,Kampong Chhnang,0.73856217,0.056705795,0.6169403,0.860184,0.73856217,0.056705795,0.6169403,0.860184,92,7.608693838119507
64,rural,Kampong Chhnang,0.63748604,0.063999735,0.5018127,0.77315944,0.6054995,0.080634184,0.43456268,0.7764363,99,0.0
65,rural,Kampong Chhnang,0.58680564,0.04471825,0.4908945,0.6827167,0.58680564,0.04471825,0.4908945,0.6827167,80,0.0
66,rural,Kampong Chhnang,0.51891255,0.037658956,0.43907914,0.598746,0.5011821,0.048046276,0.3993285,0.6030356,94,0.0
67,rural,Kampong Chhnang,0.5322062,0.05102531,0.42103156,0.64338076,0.5161031,0.05819429,0.38930863,0.64289755,73,5.47945499420166
68,rural,Kampong Chhnang,0.5779221,0.030768124,0.51193106,0.6439132,0.5779221,0.030768124,0.51193106,0.6439132,77,0.0
69,rural,Kampong Chhnang,0.30691057,0.04089472,0.21920012,0.39462104,0.2283198,0.063527845,0.09206612,0.36457345,85,3.529411554336548
70,rural,Kampong Chhnang,0.59259266,0.028355928,0.5324808,0.65270454,0.59259266,0.028355928,0.5324808,0.65270454,99,0.0
71,rural,Kampong Chhnang,0.5145503,0.047125287,0.41464916,0.61445147,0.48148152,0.062566705,0.34884602,0.614117,84,0.0
72,rural,Kampong Chhnang,0.7160495,0.0308384,0.650319,0.78178,0.7160495,0.0308384,0.650319,0.78178,108,0.0
73,rural,Kampong Chhnang,0.7549468,0.05025534,0.6478301,0.8620635,0.7397261,0.060843386,0.6100415,0.86941075,73,0.0
74,rural,Kampong Chhnang,0.44112772,0.0384799,0.35955396,0.52270144,0.41873965,0.04981667,0.31313303,0.5243463,67,0.0
75,rural,Kampong Chhnang,0.5099503,0.07129257,0.35461715,0.66528344,0.46932012,0.08815131,0.2772549,0.6613853,67,0.0
76,rural,Kampong Chhnang,0.65412194,0.05636521,0.53463304,0.77361083,0.63978505,0.06548346,0.5009663,0.77860373,97,4.123711585998535
77,rural,Kampong Chhnang,0.47511578,0.038996406,0.39318734,0.5570442,0.41435188,0.05984076,0.2886311,0.5400727,96,0.0
78,rural,Kampong Chhnang,0.4400353,0.05003783,0.3333822,0.54668844,0.38977075,0.06825056,0.24429812,0.5352434,63,0.0
79,rural,Kampong Chhnang,0.5497836,0.063028425,0.41460106,0.68496615,0.51803756,0.07889117,0.34883285,0.6872423,77,0.0
80,rural,Kampong Chhnang,0.52614385,0.04245808,0.43613672,0.6161509,0.5052288,0.050416265,0.3983511,0.6121065,85,0.0
81,rural,Kampong Chhnang,0.59629637,0.055576857,0.4724634,0.7201293,0.59629637,0.055576857,0.4724634,0.7201293,60,0.0
82,rural,Kampong Chhnang,0.5958782,0.049942903,0.4879831,0.70377326,0.5815413,0.058839522,0.45442623,0.7086563,66,6.060606241226196
83,urban,Kampong Speu,0.19949496,0.038283493,0.111213066,0.28777686,0.0,,,,44,0.0
84,urban,Kampong Speu,0.42592594,0.048504215,0.31407502,0.5377768,0.3576389,0.08859285,0.15334342,0.5619344,48,0.0
85,rural,Kampong Speu,0.5752462,0.042810176,0.48197082,0.6685215,0.55414915,0.05771024,0.4284093,0.67988896,79,0.0
86,rural,Kampong Speu,0.5955556,0.044052638,0.49957317,0.69153804,0.5770371,0.051590003,0.46463212,0.68944204,75,0.0
87,rural,Kampong Speu,0.75281817,0.028988026,0.69019336,0.815443,0.75281817,0.028988026,0.69019336,0.815443,69,0.0
88,rural,Kampong Speu,0.64930564,0.039810594,0.56060207,0.73800915,0.64930564,0.039810594,0.56060207,0.73800915,64,0.0
89,rural,Kampong Speu,0.5486892,0.03789907,0.4668132,0.6305651,0.5486892,0.03789907,0.4668132,0.6305651,89,0.0
90,rural,Kampong Speu,0.5682138,0.039374087,0.4831513,0.6532764,0.54711676,0.054976102,0.42834812,0.66588545,79,0.0
91,rural,Kampong Speu,0.5517504,0.057964128,0.42652655,0.6769743,0.5380518,0.06705433,0.39318973,0.6829139,73,0.0
92,rural,Kampong Speu,0.4796062,0.061111182,0.34344202,0.6157704,0.4345992,0.084168695,0.24705966,0.62213874,79,0.0
93,rural,Kampong Speu,0.5820106,0.044343513,0.48621228,0.67780894,0.5820106,0.044343513,0.48621228,0.67780894,84,0.0
94,rural,Kampong Speu,0.66858244,0.029701209,0.6044169,0.73274803,0.66858244,0.029701209,0.6044169,0.73274803,58,0.0
95,rural,Kampong Speu,0.4639918,0.0558871,0.33946759,0.588516,0.40843624,0.08456782,0.22000739,0.5968651,54,0.0
96,rural,Kampong Speu,0.46645707,0.051810887,0.3492527,0.58366144,0.40670863,0.089311756,0.2046714,0.6087459,59,10.169494152069092
97,rural,Kampong Speu,0.78344685,0.049631972,0.6711715,0.89572215,0.78344685,0.049631972,0.6711715,0.89572215,49,0.0
98,rural,Kampong Speu,0.57638896,0.06445473,0.43058223,0.7221957,0.57638896,0.06445473,0.43058223,0.7221957,51,5.882352590560913
99,rural,Kampong Speu,0.62748545,0.04458936,0.53185076,0.7231201,0.62748545,0.04458936,0.53185076,0.7231201,95,0.0
100,rural,Kampong Speu,0.63832206,0.056390565,0.5164977,0.7601465,0.6269842,0.062285308,0.492425,0.76154345,98,0.0
101,rural,Kampong Speu,0.644587,0.043471348,0.549871,0.73930293,0.6196582,0.06525096,0.47748855,0.7618278,78,0.0
102,rural,Kampong Speu,0.58461547,0.049400948,0.47698003,0.69225085,0.56752145,0.05965837,0.437537,0.69750583,65,0.0
103,rural,Kampong Speu,0.46380475,0.06068887,0.3326944,0.5949151,0.43771046,0.07313288,0.2797165,0.59570444,66,0.0
104,rural,Kampong Speu,0.5297907,0.047565326,0.42615476,0.63342667,0.50724643,0.06497725,0.36567315,0.6488197,69,0.0
105,rural,Kampong Speu,0.5334468,0.055492643,0.4135622,0.65333134,0.5062359,0.07093995,0.35297945,0.6594923,98,0.0
106,rural,Kampong Speu,0.55147064,0.0480966,0.44561073,0.6573305,0.53513074,0.059351325,0.40449938,0.6657621,68,0.0
107,rural,Kampong Speu,0.42222226,0.05189173,0.31011698,0.5343275,0.34814817,0.08356266,0.16762203,0.5286743,60,0.0
108,rural,Kampong Speu,0.54,0.052049212,0.42659456,0.65340555,0.5177778,0.06528805,0.37552738,0.6600283,50,0.0
109,rural,Kampong Speu,0.617284,0.052821916,0.50102377,0.7335443,0.617284,0.052821916,0.50102377,0.7335443,63,0.0
110,urban,Kampong Thom,0.42245373,0.085328564,0.22068375,0.6242237,0.37268522,0.10391208,0.1269722,0.61839825,50,4.000002145767212
111,urban,Kampong Thom,0.48583883,0.07574988,0.30671883,0.66495883,0.4281046,0.10561736,0.17835926,0.67784995,51,0.0
112,urban,Kampong Thom,0.40370372,0.05973213,0.26858026,0.5388272,0.31481484,0.09288022,0.104705185,0.5249245,60,0.0
113,urban,Kampong Thom,0.59000003,0.033558037,0.5140865,0.6659136,0.59000003,0.033558037,0.5140865,0.6659136,50,0.0
114,rural,Kampong Thom,0.31617647,0.045430668,0.21495065,0.41740233,0.26062092,0.06647262,0.1125107,0.40873113,68,0.0
115,rural,Kampong Thom,0.5612745,0.05757833,0.43582216,0.686727,0.5612745,0.05757833,0.43582216,0.686727,68,0.0
116,rural,Kampong Thom,0.61261266,0.06380757,0.4747648,0.75046057,0.57657665,0.0838131,0.39550945,0.7576438,74,0.0
117,rural,Kampong Thom,0.52592593,0.04105178,0.4355716,0.6162803,0.52592593,0.04105178,0.4355716,0.6162803,60,0.0
118,rural,Kampong Thom,0.43035996,0.04594593,0.33181575,0.5289042,0.35133022,0.07274293,0.19531216,0.5073483,71,0.0
119,rural,Kampong Thom,0.61689824,0.0631411,0.47406313,0.7597333,0.582176,0.08323374,0.3938882,0.7704638,54,11.11111044883728
120,rural,Kampong Thom,0.53495634,0.0485079,0.43016142,0.6397513,0.51997507,0.057003837,0.39682576,0.6431244,89,0.0
121,rural,Kampong Thom,0.46267363,0.036181007,0.38303977,0.5423075,0.41753474,0.06670538,0.27071717,0.5643523,64,0.0
122,rural,Kampong Thom,0.34188035,0.050139327,0.23152444,0.45223626,0.2763533,0.072817504,0.11608304,0.43662354,78,0.0
123,rural,Kampong Thom,0.75315666,0.04410414,0.6578755,0.84843785,0.75315666,0.04410414,0.6578755,0.84843785,88,0.0
124,rural,Kampong Thom,0.6847546,0.039000653,0.6004988,0.76901037,0.6847546,0.039000653,0.6004988,0.76901037,86,0.0
125,rural,Kampong Thom,0.59107476,0.050106246,0.4819026,0.7002469,0.56375235,0.07131256,0.40837562,0.7191291,72,15.27777910232544
126,rural,Kampong Thom,0.42237446,0.047395285,0.3213538,0.5233951,0.3515982,0.072655484,0.19673671,0.5064597,73,0.0
127,rural,Kampong Thom,0.66666675,0.04716208,0.5639094,0.7694241,0.66666675,0.04716208,0.5639094,0.7694241,68,0.0
128,rural,Kampong Thom,0.4868056,0.06153406,0.35482818,0.61878306,0.4229167,0.08588886,0.23870341,0.60713,80,0.0
129,rural,Kampong Thom,0.5679013,0.06199145,0.43494284,0.7008597,0.5288066,0.080848485,0.35540387,0.7022094,81,0.0
130,rural,Kampong Thom,0.5992593,0.04383219,0.50456566,0.69395304,0.5918519,0.046236962,0.49196303,0.6917408,75,0.0
131,rural,Kampong Thom,0.4183007,0.05247324,0.30138302,0.53521836,0.3415033,0.08117178,0.16064128,0.5223653,72,5.555558204650879
132,rural,Kampong Thom,0.681624,0.040467132,0.5925565,0.7706916,0.681624,0.040467132,0.5925565,0.7706916,78,0.0
133,rural,Kampong Thom,0.65490204,0.040822018,0.5650534,0.7447507,0.65490204,0.040822018,0.5650534,0.7447507,96,11.45833134651184
134,rural,Kampong Thom,0.39245015,0.037662346,0.31260955,0.47229075,0.32763535,0.062277738,0.19561243,0.45965824,82,4.878050088882446
135,rural,Kampong Thom,0.55894315,0.04695589,0.4575011,0.6603852,0.55894315,0.04695589,0.4575011,0.6603852,82,0.0
136,rural,Kampong Thom,0.46511632,0.09428713,0.24768981,0.68254286,0.40956077,0.117136136,0.13944435,0.6796772,56,23.21428656578064
137,urban,Kandal,0.20567377,0.03731163,0.11744579,0.29390174,0.04964539,0.048385296,-0.06476765,0.16405843,47,0.0
138,urban,Kandal,0.5602838,0.084933,0.3524602,0.7681073,0.5295509,0.104867786,0.27294865,0.78615314,51,7.843136787414551
139,rural,Kandal,0.44938275,0.07452104,0.28080443,0.61796105,0.35925928,0.11488074,0.099381,0.6191376,53,15.094339847564697
140,rural,Kandal,0.47222227,0.09560942,0.25174654,0.692698,0.39947093,0.12799546,0.10431288,0.694629,45,6.666666269302368
141,rural,Kandal,0.5727125,0.044699028,0.47532165,0.6701033,0.5727125,0.044699028,0.47532165,0.6701033,68,0.0
142,rural,Kandal,0.27094018,0.046725668,0.16809767,0.37378266,0.16923077,0.069098175,0.01714671,0.32131484,65,0.0
143,rural,Kandal,0.4837607,0.046079908,0.3810883,0.5864332,0.4632479,0.060371,0.32873294,0.5977629,65,0.0
144,rural,Kandal,0.43768772,0.060034096,0.30688465,0.5684908,0.38663667,0.08334023,0.20505391,0.5682194,76,2.6315808296203613
145,rural,Kandal,0.34276733,0.06795316,0.19320342,0.4923312,0.18763104,0.098146506,-0.028387958,0.40365005,64,17.1875
146,rural,Kandal,0.57638896,0.06602087,0.43254185,0.72023606,0.54166675,0.086827144,0.35248664,0.7308468,72,0.0
147,rural,Kandal,0.5620915,0.03558508,0.48576915,0.63841397,0.546841,0.04794739,0.4440041,0.64967793,102,0.0
148,rural,Kandal,0.39592126,0.034461744,0.32147118,0.47037134,0.31504923,0.065682866,0.17315005,0.45694843,79,0.0
149,rural,Kandal,0.51065457,0.06651955,0.3669478,0.6543613,0.4444445,0.09797524,0.23278186,0.6561071,73,0.0
150,rural,Kandal,0.5126985,0.067292914,0.36732095,0.658076,0.46349213,0.08708322,0.27536026,0.65162396,70,0.0
151,rural,Kandal,0.45833337,0.06586055,0.31605032,0.60061646,0.40740743,0.088316426,0.21661142,0.5982035,76,5.263155698776245
152,rural,Kandal,0.41231593,0.032303326,0.34252885,0.48210305,0.37282464,0.053123303,0.25805873,0.48759055,83,0.0
153,rural,Kandal,0.2912458,0.03591436,0.21219882,0.37029278,0.19612795,0.065391555,0.052202106,0.3400538,66,0.0
154,rural,Kandal,0.4737157,0.05096642,0.36440358,0.5830278,0.3829152,0.08279076,0.20534669,0.56048375,93,0.0
155,rural,Kandal,0.51207733,0.062384408,0.3747702,0.6493845,0.43800327,0.0888155,0.24252167,0.63348484,69,0.0
156,rural,Kandal,0.38142622,0.043583523,0.28646588,0.47638655,0.27943617,0.077578984,0.11040608,0.44846624,72,6.944441795349121
157,rural,Kandal,0.48350698,0.07797308,0.3097721,0.6572418,0.44531253,0.0942372,0.23533896,0.6552861,64,0.0
158,rural,Kandal,0.623549,0.06029359,0.48451173,0.7625863,0.6036485,0.075943336,0.42852286,0.77877414,75,10.66666841506958
159,rural,Kandal,0.5351618,0.05102654,0.42492566,0.64539796,0.5070324,0.06970852,0.3564363,0.6576285,79,0.0
160,rural,Kandal,0.43260476,0.045902494,0.33157405,0.5336355,0.36976323,0.072737984,0.20966801,0.52985847,67,8.955222368240356
161,rural,Kandal,0.5947713,0.05198466,0.4832753,0.7062673,0.5784314,0.061016615,0.4475638,0.7092991,85,0.0
162,rural,Kandal,0.502813,0.03840817,0.42043564,0.5851903,0.4732771,0.054585546,0.35620275,0.59035146,79,0.0
163,rural,Kandal,0.60526323,0.059699144,0.47518998,0.7353365,0.5690059,0.082908764,0.38836324,0.7496486,95,0.0
164,urban,Koh Kong,0.21296297,0.055910837,0.08403235,0.34189358,0.121527776,0.07087929,-0.04192016,0.2849757,48,0.0
165,urban,Koh Kong,0.25975975,0.07178123,0.09002413,0.4294954,0.15315315,0.08727856,-0.053227834,0.35953414,37,0.0
166,urban,Koh Kong,0.3181818,0.043240003,0.22183709,0.41452655,0.25252527,0.06743636,0.10226769,0.40278283,55,0.0
167,urban,Koh Kong,0.26969698,0.0315494,0.20025721,0.33913675,0.16868687,0.055948626,0.045544777,0.29182896,55,0.0
168,urban,Koh Kong,0.26595744,0.029561223,0.20385163,0.32806328,0.16725768,0.048084702,0.066235475,0.2682799,94,0.0
169,urban,Koh Kong,0.29382718,0.04904184,0.18288682,0.4047675,0.19506173,0.0750719,0.025237298,0.36488616,45,0.0
170,urban,Koh Kong,0.5370371,0.06623416,0.38041818,0.69365597,0.4870371,0.09799587,0.2553137,0.7187605,30,0.0
171,rural,Koh Kong,0.59286904,0.050462026,0.48292175,0.70281637,0.5630183,0.0680106,0.41483593,0.71120065,67,0.0
172,rural,Koh Kong,0.657265,0.028835205,0.59691226,0.7176178,0.657265,0.028835205,0.59691226,0.7176178,130,0.0
173,rural,Koh Kong,0.49876547,0.041942935,0.40985042,0.5876805,0.48765436,0.045815784,0.39052925,0.5847795,90,0.0
174,rural,Koh Kong,0.43981484,0.049312554,0.3299396,0.54969007,0.40046299,0.06796277,0.24903248,0.5518935,48,0.0
175,rural,Koh Kong,0.5790298,0.035699204,0.50190634,0.6561532,0.5790298,0.035699204,0.50190634,0.6561532,71,0.0
176,rural,Koh Kong,0.5106118,0.040769894,0.42418346,0.59704006,0.5106118,0.040769894,0.42418346,0.59704006,89,0.0
177,rural,Koh Kong,0.4012346,0.06343325,0.23817421,0.56429493,0.2777778,0.12654573,-0.047518354,0.60307395,27,0.0
178,rural,Koh Kong,0.37570623,0.04549314,0.27813315,0.4732793,0.31073448,0.066660695,0.1677615,0.45370746,62,4.8387110233306885
179,rural,Koh Kong,0.4900285,0.036996976,0.40254456,0.57751244,0.46866098,0.05110398,0.34781927,0.5895027,44,11.363637447357178
180,rural,Koh Kong,0.43930045,0.049515825,0.33527157,0.54332936,0.38168728,0.067381874,0.24012321,0.52325135,108,0.0
181,rural,Koh Kong,0.41428572,0.03146201,0.34418398,0.48438746,0.3595238,0.058820054,0.22846457,0.49058306,70,0.0
182,rural,Koh Kong,0.59694993,0.058347188,0.46495944,0.7289405,0.59694993,0.058347188,0.46495944,0.7289405,51,0.0
183,rural,Koh Kong,0.69667953,0.029981086,0.6323765,0.7609826,0.69667953,0.029981086,0.6323765,0.7609826,87,0.0
184,rural,Koh Kong,0.7456141,0.031742398,0.6791765,0.8120517,0.7456141,0.031742398,0.6791765,0.8120517,114,0.0
185,rural,Koh Kong,0.6276596,0.039255984,0.53483397,0.72048527,0.6276596,0.039255984,0.53483397,0.72048527,47,0.0
186,rural,Koh Kong,0.5650585,0.038300548,0.483865,0.64625204,0.5394737,0.051959198,0.42932516,0.6496223,76,0.0
187,rural,Koh Kong,0.53260875,0.052656557,0.42098182,0.6442357,0.5144928,0.062000446,0.3830577,0.6459279,92,0.0
188,rural,Koh Kong,0.42307696,0.0612846,0.27816188,0.567992,0.36182338,0.09399449,0.13956171,0.58408505,39,0.0
189,rural,Koh Kong,0.36728397,0.06644206,0.22374463,0.5108233,0.2438272,0.093965515,0.04082704,0.44682732,72,0.0
190,rural,Koh Kong,0.60229284,0.048783015,0.49600375,0.70858186,0.60229284,0.048783015,0.49600375,0.70858186,63,0.0
191,rural,Koh Kong,0.7157811,0.022238076,0.6677387,0.76382357,0.7157811,0.022238076,0.6677387,0.76382357,69,0.0
192,urban,Phnom Penh,0.16858238,0.050523102,0.052075893,0.28508887,0.10057472,0.064073205,-0.04717836,0.24832779,58,0.0
193,urban,Phnom Penh,0.06333333,0.02885481,-0.003205976,0.12987265,0.0,,,,50,0.0
194,urban,Phnom Penh,0.056763288,0.015419839,0.021205073,0.0923215,0.0,,,,46,0.0
195,urban,Phnom Penh,0.11527778,0.06781256,-0.041098267,0.27165383,0.07777778,0.072799906,-0.09009911,0.24565467,40,0.0
196,urban,Phnom Penh,0.072222225,0.022651462,0.020981057,0.12346339,0.0,,,,60,0.0
197,urban,Phnom Penh,0.13984674,0.030468654,0.07092186,0.20877163,0.0,,,,58,0.0
198,urban,Phnom Penh,0.08714597,0.05695394,-0.041692793,0.21598473,0.06100218,0.05884138,-0.07210627,0.19411063,51,0.0
199,urban,Phnom Penh,0.121863805,0.030928489,0.052950837,0.19077677,0.0,,,,62,0.0
200,urban,Phnom Penh,0.03903904,0.030866526,-0.04030589,0.118383974,0.0,,,,37,0.0
201,urban,Phnom Penh,0.11904762,0.028656647,0.05128542,0.18680982,0.034013607,0.034948885,-0.04862738,0.11665459,51,3.9215683937072754
202,urban,Phnom Penh,0.09953704,0.033906564,0.016570661,0.18250342,0.0,,,,24,0.0
203,urban,Phnom Penh,0.12912913,0.03978457,0.037385747,0.22087252,0.036036037,0.036347277,-0.047780935,0.11985301,37,0.0
204,urban,Phnom Penh,0.12820514,0.04806001,0.017378548,0.23903172,0.044871796,0.04498781,-0.058870275,0.14861387,52,0.0
205,urban,Phnom Penh,0.08194445,0.0563025,-0.06278573,0.22667463,0.0,,,,40,0.0
206,urban,Phnom Penh,0.12962963,0.07345107,-0.039748844,0.2990081,0.09551657,0.08137214,-0.092127934,0.28316107,57,0.0
207,urban,Phnom Penh,0.13141026,0.03128815,0.059259653,0.20356086,0.0,,,,52,0.0
208,urban,Phnom Penh,0.2808081,0.050955903,0.16330357,0.3983126,0.15555556,0.07305985,-0.012920751,0.32403186,55,0.0
209,urban,Phnom Penh,0.3258004,0.07747615,0.15053718,0.50106364,0.27024484,0.0942892,0.056947853,0.48354182,59,0.0
210,urban,Phnom Penh,0.1284153,0.06164926,-0.011045014,0.2678756,0.065573774,0.06296768,-0.076869026,0.20801657,61,0.0
211,rural,Phnom Penh,0.24463938,0.032895416,0.17357315,0.3157056,0.14035088,0.053980507,0.023733089,0.25696868,57,0.0
212,rural,Phnom Penh,0.29821202,0.037419114,0.21795599,0.37846804,0.25415072,0.051804516,0.14304107,0.36526033,87,0.0
213,rural,Phnom Penh,0.43740222,0.072097555,0.28164494,0.5931595,0.37949926,0.09020813,0.18461645,0.57438207,71,0.0
214,rural,Phnom Penh,0.20447531,0.032998577,0.13184594,0.2771047,0.058641978,0.041577328,-0.0328691,0.15015306,72,0.0
215,rural,Phnom Penh,0.3643791,0.06528556,0.2189138,0.5098444,0.28513074,0.09249934,0.07902937,0.4912321,68,0.0
216,rural,Phnom Penh,0.2436508,0.039465845,0.15678707,0.33051452,0.124603175,0.06241912,-0.012780377,0.26198673,79,11.392402648925781
217,rural,Phnom Penh,0.30589023,0.03167175,0.23746759,0.37431288,0.15863454,0.063302785,0.021877183,0.2953919,83,0.0
218,rural,Phnom Penh,0.1994152,0.041808005,0.10909451,0.2897359,0.09239766,0.052531864,-0.021090528,0.20588586,95,0.0
219,rural,Phnom Penh,0.4256651,0.043214057,0.33055162,0.5207786,0.39358374,0.05916746,0.26335704,0.52381045,71,0.0
220,rural,Phnom Penh,0.3395062,0.07788113,0.1698178,0.5091946,0.24417011,0.09828357,0.030028626,0.45831162,81,0.0
221,rural,Phnom Penh,0.29285717,0.060485687,0.16312826,0.42258605,0.20793653,0.0808714,0.03448461,0.38138843,70,0.0
222,rural,Phnom Penh,0.3977778,0.066082366,0.2523315,0.5432241,0.3325926,0.0873075,0.14043011,0.5247551,75,0.0
223,urban,Prey Veng,0.31944445,0.05683389,0.18838526,0.45050365,0.2638889,0.08289211,0.07273934,0.45503843,36,0.0
224,urban,Prey Veng,0.63218397,0.0716191,0.46703005,0.79733795,0.63218397,0.0716191,0.46703005,0.79733795,58,0.0
225,rural,Prey Veng,0.4904215,0.075571224,0.32409036,0.65675265,0.4521073,0.096656516,0.23936775,0.6648469,62,6.451612710952759
226,rural,Prey Veng,0.28180355,0.031934887,0.21222341,0.3513837,0.1610306,0.060685117,0.028809085,0.2932521,76,9.210526943206787
227,rural,Prey Veng,0.5158731,0.053764038,0.3960793,0.6356668,0.50000006,0.0655423,0.3539627,0.6460374,63,0.0
228,rural,Prey Veng,0.52891934,0.06697207,0.384235,0.6736037,0.499239,0.08125976,0.32368797,0.67479,73,0.0
229,rural,Prey Veng,0.6305556,0.044989407,0.5333619,0.72774935,0.6236112,0.047455058,0.52109075,0.7261316,84,4.76190447807312
230,rural,Prey Veng,0.5614036,0.036316335,0.48227707,0.64053005,0.5614036,0.036316335,0.48227707,0.64053005,78,2.5641024112701416
231,rural,Prey Veng,0.5154321,0.055854466,0.3924973,0.638367,0.494856,0.06680828,0.34781197,0.64190006,54,0.0
232,rural,Prey Veng,0.45306516,0.051260393,0.33884987,0.5672804,0.43869734,0.06020211,0.3045587,0.572836,63,7.9365074634552
233,rural,Prey Veng,0.5052084,0.04677282,0.40329915,0.6071176,0.4947917,0.053185593,0.37891024,0.6106731,64,0.0
234,rural,Prey Veng,0.3512545,0.044698443,0.2501396,0.4523694,0.30555555,0.06688495,0.1542513,0.45685983,62,0.0
235,rural,Prey Veng,0.60380125,0.076867364,0.43632162,0.7712808,0.5862574,0.08923958,0.39182103,0.7806937,76,0.0
236,rural,Prey Veng,0.5355192,0.045084096,0.43628973,0.6347486,0.51730424,0.055204198,0.39580062,0.63880783,61,0.0
237,rural,Prey Veng,0.6222223,0.06400853,0.47742495,0.7670196,0.6222223,0.06400853,0.47742495,0.7670196,60,0.0
238,rural,Prey Veng,0.44717672,0.049536925,0.33924502,0.5551084,0.4007286,0.070330165,0.24749234,0.5539649,61,0.0
239,rural,Prey Veng,0.39711937,0.059683926,0.26707926,0.52715945,0.28189301,0.098938994,0.06632347,0.49746257,54,0.0
240,rural,Prey Veng,0.40972224,0.03738014,0.32896736,0.49047711,0.39429015,0.04290639,0.30159652,0.48698378,72,0.0
241,rural,Prey Veng,0.4713262,0.048314314,0.36694947,0.5757029,0.46236563,0.05108481,0.3520036,0.5727276,62,0.0
242,rural,Prey Veng,0.43055558,0.0395153,0.34445912,0.51665205,0.43055558,0.0395153,0.34445912,0.51665205,56,0.0
243,rural,Prey Veng,0.59512943,0.07062078,0.43969417,0.75056475,0.56316596,0.08972281,0.3656874,0.76064456,73,0.0
244,rural,Prey Veng,0.6126985,0.050714184,0.5031372,0.7222598,0.60476196,0.05309564,0.49005583,0.7194681,70,0.0
245,rural,Prey Veng,0.45854065,0.04347346,0.36462194,0.55245936,0.42537317,0.060693678,0.29425243,0.5564939,67,0.0
246,rural,Prey Veng,0.418254,0.037361126,0.33754018,0.4989678,0.3968254,0.04762341,0.2939413,0.49970955,74,5.405408143997192
247,rural,Prey Veng,0.4506173,0.04991813,0.34185505,0.5593796,0.43209878,0.06326468,0.29425687,0.5699407,54,0.0
248,rural,Prey Veng,0.5641628,0.055525076,0.44318405,0.68514156,0.54773086,0.068669565,0.39811274,0.697349,71,0.0
249,rural,Prey Veng,0.44841272,0.054523412,0.32961643,0.56720906,0.39761907,0.07248619,0.23968524,0.5555529,70,0.0
250,urban,Pursat,0.52777785,0.1115752,0.25476316,0.8007925,0.4285715,0.1635758,0.028315932,0.828827,28,0.0
251,urban,Pursat,0.62750465,0.031353228,0.55849665,0.6965126,0.6183972,0.03669718,0.5376272,0.6991671,61,0.0
252,urban,Pursat,0.10042735,0.036579877,-0.001134666,0.20198937,0.0,,,,26,0.0
253,urban,Pursat,0.20940171,0.046585266,0.10560328,0.31320018,0.051282056,0.052342422,-0.065344125,0.16790824,78,0.0
254,urban,Pursat,0.32921812,0.04882498,0.19365825,0.464778,0.1234568,0.09679183,-0.14528042,0.39219403,27,0.0
255,urban,Pursat,0.67555565,0.053152047,0.5597473,0.791364,0.67555565,0.053152047,0.5597473,0.791364,75,0.0
256,rural,Pursat,0.6414142,0.04211195,0.55109304,0.73173535,0.63194454,0.046458837,0.53230023,0.73158884,95,7.36842155456543
257,rural,Pursat,0.65349376,0.041697565,0.5640614,0.7429262,0.65349376,0.041697565,0.5640614,0.7429262,103,5.825245380401611
258,rural,Pursat,0.652381,0.059400983,0.50703204,0.79772997,0.652381,0.059400983,0.50703204,0.79772997,40,12.5
259,rural,Pursat,0.5965813,0.048441127,0.49193057,0.70123196,0.5965813,0.048441127,0.49193057,0.70123196,69,5.797100067138672
260,rural,Pursat,0.58835346,0.04995181,0.4812175,0.69548947,0.5642571,0.0708749,0.41224554,0.7162686,83,0.0
261,rural,Pursat,0.51574075,0.049324203,0.4091823,0.62229925,0.47962967,0.06995445,0.32850227,0.63075703,60,0.0
262,rural,Pursat,0.55902785,0.06340695,0.42387912,0.69417655,0.5201389,0.083702974,0.34173027,0.6985476,80,0.0
263,rural,Pursat,0.49389505,0.06516366,0.35311753,0.6346726,0.39926744,0.09975804,0.1837533,0.61478156,91,0.0
264,rural,Pursat,0.39859766,0.04074559,0.31263196,0.48456332,0.33171523,0.061204534,0.20258495,0.4608455,103,0.0
265,rural,Pursat,0.40909094,0.048217874,0.30001453,0.5181673,0.37272727,0.06780974,0.21933101,0.5261236,55,0.0
266,rural,Pursat,0.5785908,0.02537736,0.5241618,0.63301986,0.5785908,0.02537736,0.5241618,0.63301986,82,0.0
267,rural,Pursat,0.4923372,0.049330592,0.38719153,0.59748286,0.4521073,0.06622446,0.3109532,0.5932614,87,0.0
268,rural,Pursat,0.34834835,0.034767177,0.26613706,0.43055966,0.2927928,0.060490936,0.14975448,0.43583113,37,0.0
269,rural,Pursat,0.38888893,0.11510663,0.107233144,0.6705447,0.34541067,0.13420144,0.017031565,0.67378974,53,13.20754885673523
270,rural,Pursat,0.68055564,0.050723106,0.57302743,0.78808385,0.68055564,0.050723106,0.57302743,0.78808385,100,0.0
271,rural,Pursat,0.6934344,0.043282814,0.60167897,0.7851899,0.6934344,0.043282814,0.60167897,0.7851899,110,0.0
272,rural,Pursat,0.65819216,0.03820486,0.57410383,0.7422805,0.65819216,0.03820486,0.57410383,0.7422805,59,0.0
273,rural,Pursat,0.62581706,0.059669826,0.49863386,0.7530003,0.5849674,0.08230741,0.4095333,0.7604015,102,0.0
274,rural,Pursat,0.55158734,0.0381286,0.46980962,0.63336504,0.55158734,0.0381286,0.46980962,0.63336504,84,0.0
275,rural,Pursat,0.6504066,0.061915793,0.5184362,0.782377,0.6382115,0.07043338,0.48808628,0.78833663,82,0.0
276,rural,Pursat,0.6498709,0.092353515,0.42389,0.8758518,0.6046513,0.1296791,0.28733793,0.9219646,43,0.0
277,rural,Pursat,0.6854084,0.03985783,0.5993008,0.771516,0.6854084,0.03985783,0.5993008,0.771516,83,0.0
278,urban,Svay Rieng,0.2636535,0.063173264,0.12289469,0.4044123,0.12806028,0.079305455,-0.048643284,0.30476382,59,0.0
279,rural,Svay Rieng,0.61437917,0.05361206,0.49756852,0.7311898,0.61437917,0.05361206,0.49756852,0.7311898,76,10.526317358016968
280,rural,Svay Rieng,0.47001767,0.057897154,0.3425869,0.59744847,0.4400353,0.07305625,0.2792396,0.60083103,63,0.0
281,rural,Svay Rieng,0.40708816,0.055942796,0.2862311,0.5279452,0.3132184,0.08385604,0.13205846,0.4943784,58,0.0
282,rural,Svay Rieng,0.3045977,0.031058643,0.23692673,0.37226868,0.18390805,0.06119704,0.050571162,0.31724495,58,0.0
283,rural,Svay Rieng,0.66503274,0.08365127,0.45000032,0.8800652,0.66503274,0.08365127,0.45000032,0.8800652,34,0.0
284,rural,Svay Rieng,0.38280064,0.05357667,0.26487917,0.5007221,0.2952816,0.08243151,0.11385108,0.47671214,78,6.410259008407593
285,rural,Svay Rieng,0.44663745,0.047468875,0.34482685,0.5484481,0.39546785,0.0662541,0.25336695,0.5375688,76,0.0
286,rural,Svay Rieng,0.50000006,0.06434975,0.36198357,0.6380165,0.46649033,0.07969781,0.29555553,0.6374251,63,0.0
287,rural,Svay Rieng,0.4668022,0.051038183,0.3573362,0.5762682,0.4247968,0.07134585,0.27177516,0.5778184,82,0.0
288,rural,Svay Rieng,0.44097224,0.055893023,0.3202227,0.5617218,0.38472226,0.07777256,0.21670486,0.5527396,80,0.0
289,rural,Svay Rieng,0.35079366,0.039064314,0.26567984,0.43590748,0.28492063,0.061595775,0.15071498,0.4191263,70,0.0
290,rural,Svay Rieng,0.5359079,0.060392562,0.4054377,0.6663781,0.48848245,0.086998045,0.30053458,0.6764303,82,0.0
291,rural,Svay Rieng,0.50216454,0.046864975,0.40164915,0.6026799,0.466811,0.065254115,0.32685485,0.6067672,77,0.0
292,rural,Svay Rieng,0.6188631,0.04078146,0.53139555,0.70633066,0.6188631,0.04078146,0.53139555,0.70633066,86,0.0
293,rural,Svay Rieng,0.4795752,0.053023316,0.36502528,0.5941251,0.43627453,0.072637685,0.27935037,0.5931987,73,6.849312782287598
294,rural,Svay Rieng,0.37884873,0.04562852,0.2809853,0.4767122,0.31860778,0.06761289,0.17359255,0.463623,83,0.0
295,rural,Svay Rieng,0.35593224,0.05578641,0.23541301,0.47645143,0.24011302,0.08042704,0.06636096,0.4138651,59,0.0
296,rural,Svay Rieng,0.42537317,0.050143793,0.31704408,0.53370225,0.37230515,0.07158718,0.21765046,0.5269599,67,0.0
297,rural,Svay Rieng,0.4241623,0.049774587,0.31740642,0.5309182,0.35537922,0.07327342,0.19822335,0.5125351,63,0.0
298,rural,Svay Rieng,0.40915918,0.04660044,0.3092112,0.5091072,0.34534538,0.068002865,0.19949372,0.49119702,74,0.0
299,rural,Svay Rieng,0.5590829,0.051062167,0.44669586,0.67147,0.54850096,0.055783514,0.42572224,0.6712796,63,0.0
300,rural,Svay Rieng,0.46222225,0.05114975,0.35171995,0.5727246,0.42962965,0.06365766,0.29210564,0.5671537,75,0.0
301,rural,Svay Rieng,0.44894898,0.046592675,0.34829164,0.5496063,0.41741744,0.060219586,0.28732094,0.54751396,82,9.756100177764893
302,rural,Svay Rieng,0.41081873,0.029626425,0.34681472,0.47482273,0.35964912,0.052742213,0.24570651,0.47359174,76,0.0
303,rural,Svay Rieng,0.583685,0.06547783,0.44324902,0.724121,0.55203944,0.078195445,0.38432688,0.71975195,79,0.0
304,urban,Takeo,0.2717718,0.048965536,0.15195744,0.39158612,0.15765767,0.078356184,-0.034073003,0.34938833,37,0.0
305,urban,Takeo,0.4960318,0.06805655,0.3295034,0.66256016,0.4960318,0.06805655,0.3295034,0.66256016,28,0.0
306,rural,Takeo,0.4740741,0.04305005,0.3802761,0.5678721,0.42814818,0.06435654,0.2879273,0.56836903,75,0.0
307,rural,Takeo,0.43271607,0.024170019,0.3817218,0.48371035,0.40185186,0.04026617,0.31689766,0.48680606,90,0.0
308,rural,Takeo,0.5565477,0.07609988,0.39214388,0.7209515,0.5009921,0.10080402,0.28321826,0.718766,62,9.677422046661377
309,rural,Takeo,0.59084094,0.057647698,0.46523735,0.71644443,0.56381387,0.07260585,0.40561932,0.72200847,79,6.329113245010376
310,rural,Takeo,0.348659,0.03969696,0.26216677,0.43515128,0.23180078,0.07581224,0.06662008,0.39698148,58,0.0
311,rural,Takeo,0.50334674,0.037908293,0.42204154,0.58465195,0.50334674,0.037908293,0.42204154,0.58465195,83,0.0
312,rural,Takeo,0.4729345,0.08667161,0.2840933,0.6617757,0.43376073,0.10216804,0.21115568,0.65636575,78,0.0
313,rural,Takeo,0.57838666,0.055379376,0.4587468,0.69802654,0.56316596,0.063960254,0.4249882,0.7013437,73,0.0
314,rural,Takeo,0.4698068,0.06886426,0.31976447,0.61984915,0.37560388,0.10814742,0.13997091,0.6112369,46,0.0
315,rural,Takeo,0.34825873,0.043672875,0.2531037,0.44341373,0.2570481,0.07276709,0.09850224,0.41559398,67,0.0
316,rural,Takeo,0.33333334,0.034269847,0.25929785,0.40736884,0.25679013,0.05816107,0.13114078,0.3824395,90,0.0
317,rural,Takeo,0.3379085,0.038915154,0.2544438,0.42137322,0.24640523,0.06486821,0.10727675,0.38553372,85,0.0
318,rural,Takeo,0.3138889,0.050407268,0.2040609,0.4237169,0.23518519,0.07272749,0.07672561,0.39364478,60,0.0
319,rural,Takeo,0.5315316,0.055125073,0.41020212,0.65286106,0.5315316,0.055125073,0.41020212,0.65286106,74,0.0
320,rural,Takeo,0.46111113,0.04910953,0.35501644,0.56720585,0.42291668,0.06524257,0.28196868,0.5638647,80,0.0
321,rural,Takeo,0.50646,0.048277486,0.40291506,0.6100049,0.4909561,0.057366416,0.3679174,0.61399484,86,0.0
322,rural,Takeo,0.5385803,0.054091085,0.42072594,0.65643466,0.5231482,0.06278901,0.3863427,0.6599537,72,0.0
323,rural,Takeo,0.54078764,0.04075112,0.4519986,0.62957674,0.51969063,0.055736415,0.3982514,0.64112985,79,0.0
324,rural,Takeo,0.5584416,0.07457621,0.395954,0.7209292,0.5411256,0.086193524,0.35332602,0.7289251,77,0.0
325,rural,Takeo,0.39766082,0.048152376,0.29274583,0.5025759,0.34210527,0.069495305,0.19068801,0.49352252,76,0.0
326,rural,Takeo,0.3357488,0.045258693,0.23490615,0.43659145,0.20289856,0.078758955,0.027412679,0.37838444,46,0.0
327,rural,Takeo,0.46367523,0.06667086,0.31512332,0.61222714,0.4252137,0.08569499,0.23427336,0.6161541,52,0.0
328,rural,Takeo,0.4866667,0.050325118,0.37701768,0.59631574,0.44740742,0.07036608,0.29409292,0.60072196,75,0.0
329,rural,Takeo,0.45899475,0.050536476,0.35060477,0.5673847,0.39285716,0.07717439,0.22733457,0.55837977,84,0.0
330,rural,Takeo,0.42694065,0.049415626,0.31927326,0.53460807,0.38127857,0.073695,0.22071096,0.54184616,78,6.410259008407593
331,urban,Battambang,0.18480726,0.032340053,0.10833519,0.26127934,0.06575964,0.047022913,-0.045431882,0.17695116,49,0.0
332,urban,Battambang,0.2777778,0.044699855,0.17469974,0.38085583,0.20542637,0.07516411,0.032097608,0.37875512,43,0.0
333,urban,Battambang,0.2777778,0.07366891,0.107896976,0.4476586,0.1511628,0.10075401,-0.08117635,0.38350195,43,0.0
334,urban,Battambang,0.33062333,0.07473459,0.15828505,0.5029616,0.25067753,0.10077902,0.018280694,0.48307434,41,0.0
335,urban,Battambang,0.57651997,0.07266653,0.39871135,0.7543286,0.55136275,0.09233146,0.3254358,0.7772897,53,0.0
336,urban,Battambang,0.20277779,0.043095022,0.09732807,0.3082275,0.075,0.055050876,-0.059704643,0.20970465,40,0.0
337,rural,Battambang,0.34697857,0.033637054,0.2729439,0.42101324,0.27875245,0.06892292,0.12705413,0.43045077,65,12.30769157409668
338,rural,Battambang,0.507215,0.05474443,0.3879372,0.6264929,0.466811,0.07752946,0.29788882,0.6357332,77,0.0
339,rural,Battambang,0.159612,0.0216969,0.11273869,0.2064853,0.0052910056,0.0056280512,-0.0068676597,0.017449671,63,0.0
340,rural,Battambang,0.34577116,0.039648756,0.25850484,0.4330375,0.24875623,0.06929829,0.09623172,0.40128073,67,0.0
341,rural,Battambang,0.52730703,0.07077251,0.3641053,0.6905087,0.48587576,0.09289818,0.27165216,0.70009935,59,0.0
342,rural,Battambang,0.38466185,0.04701301,0.28382897,0.48549473,0.28140098,0.07825475,0.11356123,0.44924074,92,0.0
343,rural,Battambang,0.31250003,0.056857552,0.18735738,0.43764263,0.21759261,0.07973646,0.042093843,0.39309138,72,0.0
344,rural,Battambang,0.5357816,0.074139245,0.36806697,0.7034962,0.50188327,0.09287105,0.2917944,0.7119722,65,9.23076868057251
345,rural,Battambang,0.52740747,0.063995175,0.38797393,0.666841,0.47777784,0.08976891,0.28218818,0.6733675,75,0.0
346,rural,Battambang,0.32732734,0.04016163,0.24056341,0.41409126,0.24774775,0.06851322,0.09973394,0.39576158,74,0.0
347,rural,Battambang,0.2364865,0.0325536,0.1655583,0.30741468,0.11336336,0.051136512,0.0019464737,0.22478026,74,0.0
348,rural,Battambang,0.5861112,0.056779876,0.46508774,0.7071346,0.5861112,0.056779876,0.46508774,0.7071346,100,0.0
349,rural,Battambang,0.6630118,0.0718897,0.50478363,0.82123995,0.642544,0.08677986,0.45154276,0.83354515,76,0.0
350,rural,Battambang,0.51248443,0.07606689,0.34674895,0.67822,0.48189768,0.089516886,0.28685713,0.67693824,89,0.0
351,rural,Battambang,0.42129633,0.044649724,0.32401294,0.5185797,0.38040125,0.06152858,0.246342,0.5144605,72,0.0
352,rural,Battambang,0.556713,0.03706482,0.47124135,0.6421846,0.556713,0.03706482,0.47124135,0.6421846,48,0.0
353,rural,Battambang,0.3480903,0.056751426,0.22443956,0.47174102,0.24218751,0.08413679,0.05886919,0.42550585,64,0.0
354,rural,Battambang,0.5433007,0.06084446,0.41185424,0.67474717,0.49836606,0.080245644,0.3250059,0.6717262,68,0.0
355,rural,Battambang,0.48888895,0.073299676,0.32755744,0.65022045,0.42222226,0.09788143,0.20678669,0.6376578,66,9.090906381607056
356,rural,Battambang,0.38255978,0.04548295,0.28500855,0.480111,0.3368495,0.06592601,0.1954523,0.47824675,79,0.0
357,rural,Battambang,0.3945386,0.044257473,0.29442126,0.49465597,0.3163842,0.07837562,0.13908622,0.49368218,66,10.606062412261963
358,urban,Pailin,0.51018524,0.072598465,0.34277287,0.6775976,0.46944448,0.09279406,0.255461,0.683428,60,0.0
359,urban,Kampot,0.24652779,0.08376758,0.053359408,0.4396962,0.18981484,0.08919773,-0.015875509,0.39550516,48,0.0
360,rural,Kampot,0.49647272,0.05496582,0.37549374,0.61745167,0.44444448,0.07913494,0.27026963,0.6186193,63,0.0
361,rural,Kampot,0.45833334,0.03836985,0.37388188,0.5427848,0.44526145,0.045053836,0.34609863,0.5444243,68,0.0
362,rural,Kampot,0.41054615,0.027243635,0.35118738,0.46990493,0.39171377,0.0417083,0.3008392,0.48258835,59,0.0
363,rural,Kampot,0.5098453,0.035878606,0.43289337,0.5867973,0.49929678,0.04016739,0.41314632,0.5854473,79,0.0
364,rural,Kampot,0.58119667,0.04560843,0.48266563,0.6797277,0.5735043,0.049836375,0.4658394,0.6811693,65,0.0
365,rural,Kampot,0.5731708,0.06300095,0.43065274,0.7156888,0.5528456,0.0735129,0.38654786,0.71914333,43,4.651165008544922
366,rural,Kampot,0.45138893,0.06318497,0.3137207,0.58905715,0.371142,0.08939892,0.17635849,0.56592554,72,0.0
367,rural,Kampot,0.5434344,0.081254296,0.36238852,0.7244802,0.5070707,0.09976836,0.28477296,0.7293685,55,0.0
368,rural,Kampot,0.53357756,0.038546428,0.4509037,0.6162514,0.53357756,0.038546428,0.4509037,0.6162514,91,0.0
369,rural,Kampot,0.3766234,0.03926071,0.29108164,0.46216512,0.31313133,0.0655276,0.17035894,0.4559037,77,0.0
370,rural,Kampot,0.3871795,0.0441169,0.29007885,0.48428014,0.31196582,0.07412307,0.14882204,0.4751096,65,0.0
371,rural,Kampot,0.5592593,0.052878078,0.44287544,0.6756432,0.5296297,0.07161692,0.37200192,0.68725747,75,0.0
372,rural,Kampot,0.4825397,0.055316497,0.36201543,0.603064,0.43412703,0.07367078,0.27361217,0.59464186,70,0.0
373,rural,Kampot,0.44339627,0.056010548,0.318597,0.5681955,0.35115308,0.09083006,0.14877108,0.55353504,60,11.666667461395264
374,rural,Kampot,0.3961353,0.061626144,0.26186347,0.53040713,0.29388085,0.090795234,0.09605504,0.4917067,69,0.0
375,rural,Kampot,0.40588236,0.04191771,0.3159778,0.4957869,0.37254903,0.0554641,0.25359038,0.49150768,85,0.0
376,rural,Kampot,0.5540335,0.05537438,0.43215534,0.6759117,0.51750386,0.077382974,0.34718508,0.68782264,77,5.194807052612305
377,rural,Kampot,0.531211,0.043065652,0.43817335,0.6242487,0.48751566,0.06751856,0.34165066,0.63338065,89,0.0
378,rural,Kampot,0.57481486,0.052824233,0.46151817,0.6881116,0.5333334,0.07358496,0.37550935,0.69115746,75,0.0
379,urban,Preah Sihanouk,0.5482696,0.0595842,0.4134808,0.68305844,0.51457196,0.077630706,0.33895913,0.69018483,61,0.0
380,urban,Preah Sihanouk,0.2037037,0.059030194,0.06411948,0.34328794,0.14567901,0.07530319,-0.032384735,0.32374278,52,13.461536169052124
381,urban,Preah Sihanouk,0.62152785,0.08410774,0.42757505,0.81548065,0.58101857,0.117304385,0.31051418,0.851523,48,0.0
382,urban,Preah Sihanouk,0.56214696,0.0686611,0.40682474,0.71746916,0.51506597,0.095039204,0.30007237,0.73005956,59,0.0
383,urban,Preah Sihanouk,0.5654122,0.054628164,0.43943948,0.69138503,0.5654122,0.054628164,0.43943948,0.69138503,62,0.0
384,urban,Preah Sihanouk,0.3282164,0.04768327,0.22034934,0.43608344,0.19956142,0.083259374,0.011215629,0.3879072,76,0.0
385,urban,Preah Sihanouk,0.35069448,0.11172881,0.07730393,0.624085,0.23437503,0.15002888,-0.13273244,0.60148245,32,0.0
386,urban,Kep,0.61462,0.04601649,0.51653814,0.7127018,0.59298253,0.05719813,0.4710676,0.71489745,95,0.0
387,urban,Kratie,0.529293,0.065844305,0.38258272,0.6760032,0.48787883,0.086205065,0.29580197,0.6799557,55,0.0
388,urban,Kratie,0.5785715,0.0566814,0.45507333,0.70206964,0.5626985,0.06630357,0.4182354,0.70716155,70,0.0
389,urban,Kratie,0.3019324,0.05709035,0.17859618,0.4252686,0.19565219,0.07523315,0.03312086,0.35818353,92,0.0
390,urban,Kratie,0.25841752,0.03449667,0.18325573,0.3335793,0.16161616,0.059016135,0.033031054,0.29020128,66,0.0
391,urban,Kratie,0.34388188,0.055882826,0.21936718,0.46839657,0.30731365,0.071079895,0.14893779,0.46568954,90,12.222224473953247
392,urban,Kratie,0.50683767,0.04545683,0.40779573,0.60587955,0.49316242,0.05248209,0.37881377,0.6075111,65,0.0
393,rural,Kratie,0.3137255,0.04164418,0.22440763,0.4030434,0.21764706,0.062466606,0.08366952,0.3516246,85,0.0
394,rural,Kratie,0.47108072,0.07290945,0.3147055,0.62745595,0.41933033,0.09288253,0.22011712,0.61854357,81,9.876543283462524
395,rural,Kratie,0.556575,0.05506898,0.43983397,0.673316,0.5147809,0.07408115,0.35773587,0.67182595,109,0.0
396,rural,Kratie,0.5158731,0.057682123,0.39215723,0.6395889,0.47172624,0.07664667,0.3073355,0.636117,112,0.0
397,rural,Kratie,0.42424244,0.088363476,0.23171498,0.6167699,0.2848485,0.1211601,0.020863337,0.54883367,55,0.0
398,rural,Kratie,0.530247,0.062982984,0.3960019,0.664492,0.47962967,0.08301904,0.30267876,0.65658057,90,0.0
399,rural,Kratie,0.502451,0.05691374,0.37718472,0.6277173,0.43218958,0.08881541,0.23670818,0.627671,68,0.0
400,rural,Kratie,0.52160496,0.044530705,0.4260961,0.6171138,0.47222227,0.06975095,0.32262135,0.6218232,90,0.0
401,rural,Kratie,0.65847963,0.04784654,0.5564971,0.7604621,0.6467837,0.05530073,0.52891296,0.76465446,95,0.0
402,rural,Kratie,0.3876812,0.05028024,0.27173474,0.5036276,0.35507247,0.06471811,0.20583224,0.5043127,46,0.0
403,rural,Kratie,0.6726497,0.04085282,0.583639,0.7616603,0.6726497,0.04085282,0.583639,0.7616603,65,0.0
404,urban,Preah Vihear,0.48032412,0.095922455,0.26333246,0.6973158,0.41898152,0.11972747,0.14813918,0.68982387,48,0.0
405,urban,Preah Vihear,0.59523815,0.04968326,0.48453695,0.70593935,0.59523815,0.04968326,0.48453695,0.70593935,63,0.0
406,rural,Preah Vihear,0.68402785,0.036055367,0.6066968,0.7613589,0.68402785,0.036055367,0.6066968,0.7613589,80,0.0
407,rural,Preah Vihear,0.8070572,0.031280246,0.7373605,0.8767539,0.8070572,0.031280246,0.7373605,0.8767539,74,0.0
408,rural,Preah Vihear,0.7085471,0.05704727,0.58425176,0.8328424,0.7085471,0.05704727,0.58425176,0.8328424,65,0.0
409,rural,Preah Vihear,0.45744684,0.035146695,0.38253343,0.53236026,0.42316785,0.05043118,0.31567636,0.5306594,99,5.050504207611084
410,rural,Preah Vihear,0.76974577,0.039610717,0.68478924,0.8547023,0.76974577,0.039610717,0.68478924,0.8547023,83,0.0
411,urban,Stung Treng,0.4070513,0.05920371,0.27513722,0.5389654,0.34722224,0.08265514,0.1630551,0.53138936,52,0.0
412,urban,Stung Treng,0.583685,0.032708835,0.51241857,0.65495145,0.583685,0.032708835,0.51241857,0.65495145,79,0.0
413,rural,Stung Treng,0.7063493,0.055210236,0.58867145,0.8240271,0.6882087,0.06981189,0.5394082,0.83700925,102,3.9215683937072754
414,rural,Stung Treng,0.6067539,0.059595693,0.48041666,0.7330911,0.5571896,0.07774375,0.39238024,0.721999,102,0.0
415,rural,Stung Treng,0.68181825,0.044149794,0.5864384,0.77719814,0.68181825,0.044149794,0.5864384,0.77719814,75,12.000000476837158
416,urban,Mondul Kiri,0.35252526,0.034149207,0.27973795,0.42531258,0.3060606,0.051637594,0.19599769,0.41612354,115,4.347825050354004
417,urban,Mondul Kiri,0.72732437,0.03855993,0.64597005,0.8086787,0.72732437,0.03855993,0.64597005,0.8086787,98,0.0
418,rural,Mondul Kiri,0.71551734,0.04754775,0.6108655,0.8201692,0.71551734,0.04754775,0.6108655,0.8201692,58,0.0
419,rural,Mondul Kiri,0.7343751,0.035416503,0.6564239,0.8123263,0.7343751,0.035416503,0.6564239,0.8123263,64,0.0
420,rural,Mondul Kiri,0.7156864,0.047732126,0.61256737,0.81880534,0.7156864,0.047732126,0.61256737,0.81880534,85,0.0
421,rural,Mondul Kiri,0.5878137,0.049616814,0.4786078,0.6970196,0.5698925,0.06000382,0.43782502,0.7019601,62,0.0
422,rural,Mondul Kiri,0.7021606,0.03083484,0.6367937,0.7675275,0.7021606,0.03083484,0.6367937,0.7675275,108,0.0
423,urban,Ratanak Kiri,0.44771245,0.101290196,0.19986428,0.69556063,0.38398695,0.13919325,0.043393347,0.7245806,34,0.0
424,urban,Ratanak Kiri,0.32582584,0.089059286,0.10790562,0.54374605,0.23423424,0.11963098,-0.058492217,0.52696073,43,13.953489065170288
425,urban,Ratanak Kiri,0.33159724,0.057221897,0.18450366,0.4786908,0.2986111,0.07712101,0.10036525,0.496857,32,0.0
426,urban,Ratanak Kiri,0.4064815,0.06507505,0.2592715,0.5536915,0.32592595,0.10104101,0.0973553,0.5544966,60,0.0
427,urban,Ratanak Kiri,0.63817674,0.05259456,0.51381034,0.7625431,0.63817674,0.05259456,0.51381034,0.7625431,39,0.0
428,rural,Ratanak Kiri,0.8020835,0.03462714,0.7266374,0.8775295,0.8020835,0.03462714,0.7266374,0.8775295,80,0.0
429,rural,Ratanak Kiri,0.79812217,0.043293267,0.70283437,0.89341,0.79812217,0.043293267,0.70283437,0.89341,71,0.0
430,rural,Ratanak Kiri,0.7500001,0.044376723,0.65331155,0.8466887,0.7500001,0.044376723,0.65331155,0.8466887,62,0.0
431,rural,Ratanak Kiri,0.78231305,0.050869353,0.6578402,0.90678585,0.78231305,0.050869353,0.6578402,0.90678585,49,0.0
432,rural,Ratanak Kiri,0.73821557,0.040130716,0.65151846,0.8249127,0.73821557,0.040130716,0.65151846,0.8249127,66,0.0
433,rural,Ratanak Kiri,0.57821643,0.050528698,0.46905583,0.68737704,0.55043864,0.0658626,0.40815115,0.69272614,76,0.0
434,rural,Ratanak Kiri,0.49298248,0.046581257,0.39423463,0.59173036,0.4777778,0.051148996,0.3693468,0.5862088,95,0.0
435,rural,Ratanak Kiri,0.7790699,0.02974162,0.71426845,0.8438713,0.7790699,0.02974162,0.71426845,0.8438713,86,0.0
436,rural,Ratanak Kiri,0.8217056,0.035887998,0.74351233,0.89989877,0.8217056,0.035887998,0.74351233,0.89989877,91,5.494505167007446
437,rural,Ratanak Kiri,0.67917925,0.040930193,0.59241116,0.7659474,0.67917925,0.040930193,0.59241116,0.7659474,117,5.128204822540283
438,rural,Ratanak Kiri,0.8788708,0.042979497,0.77724046,0.9805012,0.8788708,0.042979497,0.77724046,0.9805012,71,14.084506034851074
439,rural,Ratanak Kiri,0.7582161,0.04067879,0.66958463,0.84684753,0.7582161,0.04067879,0.66958463,0.84684753,71,0.0
440,rural,Ratanak Kiri,0.80511475,0.03176946,0.73589504,0.87433445,0.80511475,0.03176946,0.73589504,0.87433445,63,0.0
441,rural,Ratanak Kiri,0.64779884,0.043245763,0.55655825,0.7390394,0.62683445,0.05278298,0.5154721,0.7381968,106,0.0
442,rural,Ratanak Kiri,0.7335602,0.044902895,0.63001394,0.83710647,0.7335602,0.044902895,0.63001394,0.83710647,49,0.0
443,rural,Ratanak Kiri,0.82595885,0.03301429,0.7546358,0.8972819,0.82595885,0.03301429,0.7546358,0.8972819,113,0.0
444,urban,Siem Reap,0.21944445,0.030493246,0.14105907,0.29782984,0.0,,,,40,0.0
445,urban,Siem Reap,0.30123457,0.087592475,0.08690353,0.51556563,0.22839507,0.10984981,-0.04039772,0.49718788,45,0.0
446,urban,Siem Reap,0.41891897,0.105678424,0.14726391,0.690574,0.30030033,0.15306817,-0.09317392,0.6937746,37,0.0
447,urban,Siem Reap,0.22222224,0.08071291,0.031366542,0.41307795,0.090579726,0.09314842,-0.12968129,0.31084076,46,0.0
448,urban,Siem Reap,0.6164022,0.049645636,0.50191915,0.7308852,0.6164022,0.049645636,0.50191915,0.7308852,63,0.0
449,rural,Siem Reap,0.40592596,0.055657834,0.28342387,0.528428,0.33629632,0.082136214,0.15551572,0.5170769,75,0.0
450,rural,Siem Reap,0.52745855,0.03087762,0.46075147,0.59416556,0.50830144,0.045823984,0.40930474,0.60729814,87,0.0
451,rural,Siem Reap,0.7254903,0.036514178,0.6466062,0.8043744,0.7254903,0.036514178,0.6466062,0.8043744,68,0.0
452,rural,Siem Reap,0.857143,0.044295147,0.66655636,1.0477296,0.857143,0.044295147,0.66655636,1.0477296,21,0.0
453,rural,Siem Reap,0.6903795,0.027697092,0.6305436,0.7502154,0.6836044,0.031643268,0.6152433,0.7519655,88,6.818181276321411
454,rural,Siem Reap,0.6082863,0.073071174,0.43978387,0.7767888,0.6082863,0.073071174,0.43978387,0.7767888,63,6.34920597076416
455,rural,Siem Reap,0.66759264,0.06203358,0.53105766,0.80412763,0.66759264,0.06203358,0.53105766,0.80412763,60,0.0
456,rural,Siem Reap,0.6552512,0.05732076,0.5290891,0.7814134,0.6552512,0.05732076,0.5290891,0.7814134,73,0.0
457,rural,Siem Reap,0.7434843,0.03522245,0.6679397,0.819029,0.7434843,0.03522245,0.6679397,0.819029,81,0.0
458,rural,Siem Reap,0.6414142,0.054241747,0.52580065,0.75702775,0.6298702,0.060696106,0.5004995,0.75924087,77,0.0
459,rural,Siem Reap,0.59425724,0.05550232,0.47595683,0.7125576,0.59425724,0.05550232,0.47595683,0.7125576,89,0.0
460,rural,Siem Reap,0.44563922,0.056255322,0.32638326,0.56489515,0.3596177,0.08246545,0.18479878,0.53443664,93,0.0
461,rural,Siem Reap,0.76222235,0.035809282,0.68589664,0.838548,0.76222235,0.035809282,0.68589664,0.838548,100,0.0
462,rural,Siem Reap,0.6464053,0.030227765,0.5815732,0.71123743,0.6464053,0.030227765,0.5815732,0.71123743,85,0.0
463,rural,Siem Reap,0.5433146,0.04578406,0.44572815,0.64090097,0.5122411,0.062465474,0.3790991,0.6453831,118,0.0
464,rural,Siem Reap,0.48490342,0.056022704,0.36387372,0.6059331,0.43659425,0.08262109,0.25810224,0.61508626,92,0.0
465,rural,Siem Reap,0.41993466,0.033160876,0.34829494,0.49157438,0.37091506,0.056672208,0.24848218,0.4933479,68,0.0
466,rural,Siem Reap,0.5294118,0.053677626,0.41344833,0.64537525,0.5163399,0.057890683,0.3912747,0.6414051,85,0.0
467,rural,Siem Reap,0.684568,0.04309474,0.5906726,0.77846336,0.684568,0.04309474,0.5906726,0.77846336,90,0.0
468,rural,Siem Reap,0.7303524,0.028552616,0.6686682,0.7920366,0.7303524,0.028552616,0.6686682,0.7920366,82,0.0
469,urban,Otdar Meanchey,0.41269842,0.076488055,0.21607962,0.60931724,0.31746033,0.12264422,0.0021933243,0.6327273,49,0.0
470,rural,Otdar Meanchey,0.6491886,0.043499567,0.5558913,0.7424859,0.6491886,0.043499567,0.5558913,0.7424859,89,0.0
471,rural,Otdar Meanchey,0.5461539,0.03628859,0.46628323,0.62602454,0.5461539,0.03628859,0.46628323,0.62602454,65,0.0
