clust_no,mpi,mpi_SE,mpi_lo95CI,mpi_up95CI
1,0.0335097,0.028244328,-0.027068358,0.094087765
2,0.08509142,0.039145615,0.002501396,0.16768146
3,0.055555556,0.033659432,-0.016187826,0.12729894
4,0.06603774,0.04477114,-0.030684425,0.1627599
5,0.0,,,
6,0.2882716,0.06166245,0.15755306,0.41899016
7,0.032921813,0.024138613,-0.018850362,0.08469398
8,0.1598916,0.056215823,0.040719382,0.27906382
9,0.121283256,0.044306435,0.027357811,0.21520871
10,0.42109504,0.0602729,0.28977168,0.5524184
11,0.10798123,0.043880284,0.014452617,0.20150983
12,0.34408602,0.063793376,0.20811367,0.4800584
13,0.30109742,0.081642754,0.12708001,0.47511482
14,0.20261438,0.06887689,0.052544523,0.35268423
15,0.0,,,
16,0.108066976,0.065575786,-0.032579098,0.24871305
17,0.0,,,
18,0.12169313,0.058705427,-0.0021644987,0.24555075
19,0.023931624,0.024333252,-0.028637169,0.076500416
20,0.08024692,0.04687449,-0.019663697,0.18015753
21,0.12962963,0.053543523,0.016662672,0.2425966
22,0.07894737,0.04180185,-0.0101511665,0.16804591
23,0.21995465,0.0584819,0.09656864,0.34334067
24,0.21527779,0.070856184,0.06220231,0.36835328
25,0.19444445,0.062202968,0.06258004,0.32630885
26,0.028985508,0.02208767,-0.017838264,0.07580928
27,0.034825873,0.033746593,-0.038079213,0.107730955
28,0.0,,,
29,0.0,,,
30,0.07669082,0.05043578,-0.030810503,0.18419215
31,0.1962963,0.058486365,0.06994419,0.3226484
32,0.033167496,0.03325349,-0.038672302,0.10500729
33,0.16008772,0.053737096,0.046712358,0.2734631
34,0.11597222,0.06039789,-0.011456185,0.24340063
35,0.12654321,0.056767743,0.006200975,0.24688545
36,0.41728395,0.048946485,0.3115415,0.5230264
37,0.0,,,
38,0.0,,,
39,0.12875818,0.06831547,-0.017763926,0.27528027
40,0.013565891,0.014076165,-0.01662448,0.043756265
41,0.22081576,0.055733867,0.10266524,0.33896628
42,0.17440225,0.06207078,0.04210152,0.306703
43,0.24074075,0.05865543,0.11571965,0.36576185
44,0.15217392,0.05282304,0.040727038,0.2636208
45,0.2888889,0.06624925,0.14679839,0.4309794
46,0.115127176,0.05969468,-0.011419893,0.24167424
47,0.25757575,0.051378198,0.14917724,0.36597428
48,0.16209151,0.05636048,0.04196199,0.28222102
49,0.36805558,0.08784874,0.18182458,0.5542866
50,0.3402062,0.061010312,0.2101658,0.4702466
51,0.0651341,0.046889942,-0.03480944,0.16507764
52,0.0,,,
53,0.3397933,0.066946924,0.19854763,0.48103896
54,0.0,,,
55,0.13432837,0.05632624,0.014922061,0.25373465
56,0.1857639,0.08980273,-0.0046093697,0.37613717
57,0.13461539,0.04723562,0.033935044,0.23529573
58,0.056603774,0.037696075,-0.023743507,0.13695106
59,0.026143791,0.026877752,-0.033013742,0.085301325
60,0.34062853,0.08192413,0.16695713,0.5142999
61,0.113553114,0.05178877,0.0042883633,0.22281787
62,0.31057563,0.06172632,0.18034449,0.4408068
63,0.10855684,0.04777138,0.007286034,0.20982763
64,0.10708535,0.04786768,0.0056103957,0.2085603
65,0.27073553,0.088058084,0.084949225,0.45652187
66,0.34528834,0.04780881,0.24442056,0.4461561
67,0.31011608,0.057074655,0.18912323,0.43110895
68,0.2309237,0.05873376,0.1070063,0.3548411
69,0.45325208,0.05751771,0.3319003,0.57460386
70,0.02170139,0.017285263,-0.015141275,0.058544055
71,0.28523037,0.08057689,0.11348481,0.45697594
72,0.0,,,
73,0.0234375,0.024158822,-0.02805581,0.07493081
74,0.02631579,0.02615248,-0.029426903,0.08205848
75,0.0,,,
76,0.053333335,0.03593938,-0.023269642,0.12993631
77,0.0,,,
78,0.19281046,0.05992558,0.06637854,0.3192424
79,0.36820334,0.07396141,0.21215841,0.5242483
80,0.25788754,0.0715238,0.106263846,0.4095112
81,0.24334899,0.0444052,0.14966221,0.33703578
82,0.10229277,0.046841525,0.002993176,0.20159237
83,0.25231484,0.060698844,0.12363903,0.38099062
84,0.24358974,0.05914624,0.118802086,0.36837742
85,0.24867725,0.059651993,0.12282255,0.37453195
86,0.20127505,0.05314097,0.08862122,0.31392887
87,0.17414531,0.06968257,0.025620436,0.3226702
88,0.058872305,0.04997644,-0.047073014,0.16481763
89,0.16319445,0.04631258,0.06548344,0.26090544
90,0.1474359,0.06104889,0.018634003,0.27623782
91,0.34627095,0.055484302,0.2292093,0.4633326
92,0.18196458,0.05302266,0.070096545,0.29383263
93,0.035353538,0.03414705,-0.036690444,0.10739752
94,0.14236112,0.054797266,0.026196098,0.25852615
95,0.41324204,0.056034006,0.29380837,0.5326757
96,0.38888893,0.07379974,0.2315885,0.5461893
97,0.29814816,0.062217604,0.16470467,0.43159163
98,0.1688889,0.054990333,0.052869435,0.28490835
99,0.3003663,0.07044084,0.15174912,0.44898352
100,0.275,0.06251259,0.14092384,0.40907618
101,0.032163747,0.032655947,-0.037440762,0.101768255
102,0.0,,,
103,0.01984127,0.019995145,-0.022777371,0.062459912
104,0.007490637,0.007866756,-0.009381877,0.02436315
105,0.0,,,
106,0.011111111,0.011505219,-0.013411683,0.035633907
107,0.0,,,
108,0.17299579,0.049266614,0.06855523,0.27743635
109,0.24313726,0.054628238,0.12788175,0.35839278
110,0.21097884,0.06242834,0.077083364,0.34487432
111,0.08740741,0.04632277,-0.01194505,0.18675987
112,0.32971016,0.05708966,0.2092615,0.4501588
113,0.053398058,0.031363342,-0.012772808,0.11956893
114,0.28478965,0.061321523,0.15541255,0.41416675
115,0.19384058,0.046903744,0.09488234,0.29279882
116,0.076754384,0.042298876,-0.013403536,0.16691232
117,0.14468865,0.046966273,0.045124594,0.2442527
118,0.19973545,0.053910006,0.08599528,0.31347564
119,0.29832572,0.055899285,0.17982453,0.41682693
120,0.03256705,0.0228336,-0.015607636,0.08074174
121,0.07336182,0.040561717,-0.012625176,0.15934883
122,0.045787547,0.031696543,-0.021086313,0.11266141
123,0.15189874,0.052505877,0.04059125,0.2632062
124,0.20643276,0.05467826,0.0910717,0.3217938
125,0.4266118,0.050159927,0.3202775,0.5329461
126,0.25156057,0.0670729,0.10937236,0.39374876
127,0.22857143,0.05337416,0.1159618,0.34118107
128,0.031914894,0.022668537,-0.015911538,0.07974133
129,0.30486113,0.08581921,0.12379843,0.48592386
130,0.33585858,0.061907146,0.20462132,0.46709588
131,0.123931624,0.042908948,0.03340166,0.2144616
132,0.28938642,0.08298989,0.11009768,0.46867517
133,0.0,,,
134,0.103174604,0.058687326,-0.021236967,0.22758618
135,0.17938422,0.06315785,0.045495547,0.31327286
136,0.20370372,0.07508311,0.043667864,0.36373958
137,0.47000003,0.030309713,0.4060521,0.53394794
138,0.504146,0.058492232,0.380148,0.62814397
139,0.13431786,0.0587053,0.00840752,0.26022822
140,0.017094018,0.017326575,-0.019836701,0.054024737
141,0.034293555,0.034529865,-0.039305113,0.10789222
142,0.03153153,0.030968348,-0.034475937,0.097539
143,0.056338035,0.05531585,-0.0615649,0.17424098
144,0.033333335,0.03360012,-0.03873176,0.10539843
145,0.13333334,0.051321108,0.023260504,0.24340616
146,0.15718158,0.055917807,0.038641118,0.27572203
147,0.37885803,0.03847758,0.29767743,0.46003863
148,0.2116737,0.07778593,0.0467749,0.37657252
149,0.20687136,0.054701984,0.09146026,0.32228246
150,0.08701473,0.046172116,-0.011398811,0.18542826
151,0.3894283,0.052194927,0.27930662,0.49954996
152,0.13817663,0.046602767,0.039853394,0.23649989
153,0.1966967,0.05938364,0.071408175,0.32198521
154,0.30626783,0.06279147,0.1737894,0.43874624
155,0.15806879,0.066958725,0.016798222,0.29933935
156,0.45083016,0.05708901,0.33038288,0.57127744
157,0.119883046,0.058138143,-0.0033643192,0.2431304
158,0.19111112,0.058908403,0.06555083,0.3166714
159,0.1462585,0.05675926,0.026506934,0.26601008
160,0.07427537,0.04318378,-0.016834453,0.16538519
161,0.05490196,0.05061965,-0.052991267,0.16279519
162,0.11237374,0.056458693,-0.00731334,0.23206082
163,0.07154882,0.046287138,-0.028448459,0.1715461
164,0.09661836,0.05487817,-0.019164458,0.21240118
165,0.046176046,0.044772927,-0.050549984,0.14290208
166,0.23925927,0.07357169,0.082444936,0.3960736
167,0.18364199,0.06122156,0.051380847,0.3159031
168,0.14426525,0.087158345,-0.042670805,0.33120131
169,0.12750456,0.045378294,0.030783013,0.2242261
170,0.15,0.059689924,0.02104776,0.27895224
171,0.40952381,0.05751743,0.28759232,0.53145534
172,0.12353802,0.042891424,0.032612257,0.21446377
173,0.25231484,0.046606284,0.15297589,0.35165375
174,0.20873016,0.06356397,0.072399,0.34506133
175,0.0,,,
176,0.061844867,0.0331902,-0.00889837,0.1325881
177,0.06962963,0.038847674,-0.013172228,0.15243149
178,0.12804878,0.049948525,0.022666607,0.23343095
179,0.14861111,0.05322546,0.036315203,0.26090702
180,0.28039217,0.07353731,0.12524201,0.43554235
181,0.096296296,0.05066334,-0.011690057,0.20428266
182,0.10573477,0.055055067,-0.011612329,0.22308187
183,0.34494197,0.046294484,0.24726914,0.4426148
184,0.071338385,0.044655576,-0.022876643,0.16555342
185,0.12962963,0.055417664,0.012708583,0.24655068
186,0.062330622,0.043394677,-0.030162944,0.1548242
187,0.0,,,
188,0.012820513,0.009876941,-0.008231688,0.033872716
189,0.0,,,
190,0.0,,,
191,0.0,,,
192,0.3530702,0.07850109,0.1857491,0.5203913
193,0.3254902,0.0701325,0.17681594,0.4741645
194,0.38122606,0.059071098,0.255319,0.5071331
195,0.18592593,0.0599915,0.059354927,0.31249693
196,0.14576457,0.04584847,0.049032763,0.2424964
197,0.05907173,0.039781075,-0.025719622,0.14386308
198,0.05175038,0.03240671,-0.017322885,0.12082365
199,0.14358975,0.07262694,-0.012179546,0.29935905
200,0.37974685,0.07004286,0.22951986,0.52997386
201,0.1904762,0.08008656,0.018707616,0.36224478
202,0.077932104,0.044230144,-0.016342225,0.17220643
203,0.060606062,0.04148652,-0.027820367,0.14903249
204,0.19783199,0.0687536,0.050370183,0.3452938
205,0.008385744,0.008872456,-0.010525447,0.027296936
206,0.15294924,0.051150266,0.04503162,0.26086688
207,0.1730419,0.062639035,0.04025308,0.30583072
208,0.13708514,0.052454032,0.02588756,0.24828272
209,0.18276973,0.06026458,0.055014532,0.31052494
210,0.41523483,0.056094367,0.2963201,0.5341496
211,0.3465278,0.08321689,0.17095551,0.5221001
212,0.46993467,0.06734486,0.32784945,0.6120199
213,0.11319444,0.04727103,0.012438631,0.21395026
214,0.2552743,0.09614245,0.050351508,0.46019706
215,0.53423125,0.074210115,0.37766162,0.6908009
216,0.45158732,0.06199658,0.32016045,0.5830142
217,0.18444446,0.05189283,0.07496016,0.29392874
218,0.34722224,0.06571865,0.20714624,0.48729822
219,0.28580248,0.07203651,0.13381873,0.43778625
220,0.38576782,0.06893277,0.23963688,0.53189874
221,0.238965,0.06102095,0.10890192,0.3690281
222,0.2887324,0.072090365,0.13507544,0.4423894
223,0.4533097,0.06530666,0.31486577,0.59175366
224,0.0,,,
225,0.0,,,
226,0.0,,,
227,0.018939395,0.019459106,-0.023458354,0.061337143
228,0.019323671,0.019962184,-0.02417019,0.06281754
229,0.0,,,
230,0.0,,,
231,0.0,,,
232,0.0,,,
233,0.0,,,
234,0.0,,,
235,0.031746034,0.031359803,-0.035095807,0.09858787
236,0.0,,,
237,0.048245616,0.04483538,-0.04861534,0.14510657
238,0.054263566,0.048857402,-0.050525136,0.15905227
239,0.039855074,0.03757217,-0.040228114,0.11993826
240,0.04777778,0.034350928,-0.024696343,0.120251894
241,0.06116208,0.03293067,-0.008315555,0.13063972
242,0.02710027,0.027233751,-0.030947095,0.085147634
243,0.025089607,0.025020512,-0.028574055,0.07875327
244,0.0,,,
245,0.0,,,
246,0.0,,,
247,0.0,,,
248,0.0960961,0.052004233,-0.014748302,0.2069405
249,0.0,,,
250,0.014336918,0.014685913,-0.016965365,0.045639202
251,0.04980843,0.0456709,-0.047536794,0.14715366
252,0.0,,,
253,0.063046195,0.03657912,-0.014920355,0.14101274
254,0.00909091,0.0094199525,-0.0107834535,0.028965272
255,0.027006174,0.02725826,-0.031881716,0.08589406
256,0.0,,,
257,0.07588076,0.045094814,-0.020236563,0.17199808
258,0.0,,,
259,0.0,,,
260,0.0,,,
261,0.0,,,
262,0.040229887,0.027079558,-0.017176213,0.097635984
263,0.06382979,0.041192625,-0.023970213,0.15162979
264,0.2806713,0.052439235,0.17003419,0.39130843
265,0.10564663,0.048722766,0.0028505793,0.20844269
266,0.27083334,0.058299832,0.14783144,0.39383525
267,0.14754099,0.051802848,0.03824653,0.25683543
268,0.100456625,0.04515608,0.0051856204,0.19572763
269,0.11111111,0.054379713,-0.0036200543,0.22584228
270,0.35042736,0.04942392,0.24565333,0.4552014
271,0.036231883,0.035837818,-0.039740898,0.11220466
272,0.21856725,0.057974283,0.09625221,0.3408823
273,0.027417028,0.023756707,-0.022705242,0.077539295
274,0.27867386,0.05596857,0.16002578,0.3973219
275,0.046666667,0.033203006,-0.023720559,0.117053896
276,0.19082126,0.059267383,0.065180026,0.3164625
277,0.3409091,0.053656466,0.22582743,0.4559908
278,0.2960705,0.066366054,0.15605034,0.4360906
279,0.09953704,0.0536386,-0.014790933,0.21386501
280,0.05092593,0.037114725,-0.02867724,0.13052909
281,0.0,,,
282,0.016877638,0.01744092,-0.020296806,0.05405208
283,0.10521886,0.045598462,0.008554435,0.20188327
284,0.36711714,0.07186627,0.21476746,0.5194668
285,0.0,,,
286,0.07539683,0.054688826,-0.040538307,0.19133197
287,0.23846154,0.05901012,0.11268445,0.36423862
288,0.29353234,0.079480484,0.123063676,0.46400103
289,0.21505378,0.07437325,0.05813994,0.3719676
290,0.0,,,
291,0.08712121,0.0496607,-0.019390397,0.19363283
292,0.1457195,0.05721244,0.024434537,0.26700446
293,0.20977013,0.062578954,0.077108674,0.34243158
294,0.1425926,0.05304156,0.030684689,0.2545005
295,0.051282052,0.034439977,-0.02212502,0.124689125
296,0.11041667,0.05659502,-0.00955941,0.23039275
297,0.40155947,0.07203826,0.24957202,0.55354697
298,0.23287672,0.069333665,0.086595476,0.37915796
299,0.30734769,0.074125215,0.1472099,0.4674855
300,0.2983871,0.07981816,0.12595047,0.47082376
301,0.45014247,0.073602214,0.29326308,0.60702187
302,0.06111111,0.03796017,-0.019360857,0.14158309
303,0.11982571,0.049624182,0.013392425,0.226259
304,0.22063492,0.05799679,0.09701769,0.34425217
305,0.15806879,0.05633808,0.039205827,0.27693173
306,0.55626786,0.04575949,0.45972377,0.65281194
307,0.19658121,0.06128258,0.06596049,0.32720193
308,0.05399061,0.0404627,-0.03342374,0.14140496
309,0.47282612,0.063137986,0.33897957,0.6066727
310,0.32911393,0.057440497,0.20734553,0.45088235
311,0.10305958,0.049637225,-0.001665802,0.20778498
312,0.2777778,0.05535651,0.16042723,0.39512834
313,0.19604702,0.06723581,0.054191858,0.3379022
314,0.10562415,0.043095324,0.0147009585,0.19654733
315,0.0,,,
316,0.13304093,0.048131302,0.031492766,0.23458911
317,0.30628657,0.059412416,0.18093732,0.4316358
318,0.21794872,0.07382469,0.062192246,0.3737052
319,0.26515153,0.061949216,0.1331099,0.39719313
320,0.0,,,
321,0.0,,,
322,0.014141414,0.014659514,-0.017300116,0.045582943
323,0.03508772,0.034595042,-0.038649864,0.1088253
324,0.033333335,0.025039652,-0.020371377,0.08703805
325,0.27361113,0.08194356,0.09658284,0.45063943
326,0.2741546,0.058334533,0.14981748,0.3984917
327,0.33024693,0.062317275,0.19876897,0.46172488
328,0.28310505,0.056482032,0.16393836,0.40227172
329,0.17105263,0.05272689,0.059808627,0.28229666
330,0.23239438,0.075404435,0.07254411,0.39224464
331,0.4902264,0.053539135,0.37672848,0.6037243
332,0.38761178,0.06931628,0.2413672,0.53385633
333,0.37064677,0.054890055,0.25291932,0.48837423
334,0.3452381,0.054271627,0.23073497,0.45974123
335,0.47376546,0.056831464,0.35187408,0.5956568
336,0.44017097,0.06806637,0.29186708,0.58847487
337,0.4725344,0.07795188,0.30638388,0.63868487
338,0.04236111,0.032896277,-0.027043965,0.11176619
339,0.16324787,0.06079566,0.032854144,0.2936416
340,0.16529493,0.054171875,0.050455686,0.28013417
341,0.093333334,0.065766566,-0.046844784,0.23351146
342,0.0,,,
343,0.0,,,
344,0.0,,,
345,0.058080807,0.04153996,-0.031013545,0.14717516
346,0.015873017,0.016549066,-0.019400481,0.051146515
347,0.0,,,
348,0.0,,,
349,0.0,,,
350,0.0,,,
351,0.025252527,0.025272394,-0.02895137,0.07945642
352,0.0,,,
353,0.10567633,0.04296538,0.015027303,0.19632536
354,0.17027417,0.05623495,0.051061407,0.28948694
355,0.53211015,0.04660886,0.43330377,0.63091654
356,0.3481013,0.04881451,0.24405561,0.45214695
357,0.32435468,0.09181558,0.1286544,0.52005494
358,0.28224778,0.060446236,0.15471737,0.40977818
359,0.40981242,0.054323327,0.294025,0.52559984
360,0.18381345,0.055386152,0.06576066,0.30186623
361,0.056233063,0.033015657,-0.013423885,0.12589002
362,0.14222223,0.05154021,0.033481885,0.25096256
363,0.12393163,0.05563637,0.0059877955,0.24187547
364,0.078431375,0.039887656,-0.0057242196,0.16258697
365,0.05181024,0.029831136,-0.011127954,0.11474843
366,0.1473064,0.047428783,0.047240417,0.24737239
367,0.1891892,0.05323704,0.076868854,0.30150953
368,0.1456229,0.047782734,0.04481014,0.24643566
369,0.2940171,0.05853295,0.17052338,0.41751084
370,0.16666667,0.05007664,0.061014194,0.27231914
371,0.14197531,0.04798505,0.040735707,0.24321492
372,0.27419356,0.066652425,0.13212729,0.41625983
373,0.18165785,0.051604055,0.07278281,0.2905329
374,0.1577061,0.053103432,0.04566765,0.26974455
375,0.124497995,0.05691653,0.0044146143,0.24458139
376,0.060910318,0.055662856,-0.05652804,0.17834868
377,0.32799146,0.049210727,0.22310127,0.43288165
378,0.2952675,0.05399265,0.18018489,0.4103501
379,0.099415205,0.043270767,0.00768528,0.19114514
380,0.15522876,0.048147142,0.05364717,0.25681037
381,0.0,,,
382,0.051146384,0.034496665,-0.022381518,0.12467429
383,0.0,,,
384,0.01754386,0.018169664,-0.021709314,0.05679703
385,0.0,,,
386,0.0,,,
387,0.12222222,0.047129128,0.022788454,0.221656
388,0.16666667,0.048809156,0.06368835,0.26964498
389,0.06111111,0.03495562,-0.012638803,0.13486102
390,0.00952381,0.0098628905,-0.011384583,0.030432204
391,0.030651342,0.021897735,-0.015548841,0.076851524
392,0.14747475,0.056175753,0.0250783,0.2698712
393,0.28555557,0.07538013,0.12388126,0.44722986
394,0.10826211,0.041851178,0.01996384,0.19656038
395,0.21975309,0.047840673,0.118335396,0.32117078
396,0.17753623,0.046628032,0.07915969,0.2759128
397,0.19653526,0.06113212,0.06755775,0.32551277
398,0.15049227,0.05731697,0.029564032,0.2714205
399,0.11181435,0.045067903,0.016729388,0.20689932
400,0.10952381,0.04125942,0.022474043,0.19657359
401,0.12654321,0.043298986,0.035190336,0.21789609
402,0.20319636,0.061173074,0.07413246,0.33226025
403,0.16858238,0.060647342,0.038506772,0.29865798
404,0.04385965,0.031282715,-0.022456743,0.11017604
405,0.025641026,0.02528907,-0.027969409,0.07925146
406,0.011111111,0.011410986,-0.012963966,0.03518619
407,0.11680912,0.04537622,0.020615833,0.21300241
408,0.035555556,0.024660164,-0.01647284,0.08758395
409,0.040334858,0.029378423,-0.02194462,0.102614336
410,0.10641628,0.059466638,-0.019647365,0.23247992
411,0.035353538,0.03475012,-0.03917805,0.10988513
412,0.0,,,
413,0.027131783,0.026880678,-0.030163027,0.0844266
414,0.0,,,
415,0.18476905,0.06665044,0.043476425,0.32606167
416,0.06358769,0.048101306,-0.03893782,0.16611318
417,0.27185187,0.06963476,0.12342889,0.42027482
418,0.10732324,0.04710429,0.0074665975,0.20717987
419,0.022222225,0.02283258,-0.025950307,0.070394754
420,0.08093279,0.040534526,-0.0049965708,0.16686215
421,0.1780822,0.05662541,0.05861302,0.29755136
422,0.04145937,0.030213123,-0.022589589,0.10550833
423,0.122685194,0.05292917,0.011014404,0.23435597
424,0.4150327,0.056010876,0.2968601,0.53320533
425,0.14135803,0.046044454,0.04421272,0.23850334
426,0.1400626,0.061397724,0.0083775865,0.27174762
427,0.0375,0.025950676,-0.017251138,0.09225114
428,0.252073,0.057148144,0.1302646,0.37388137
429,0.24316941,0.056985907,0.12170682,0.364632
430,0.19791667,0.05199182,0.08822352,0.30760983
431,0.3973064,0.0503558,0.28997555,0.50463724
432,0.19819821,0.06406316,0.06165081,0.33474562
433,0.27230048,0.06461503,0.1345768,0.41002417
434,0.043117747,0.02978941,-0.02037688,0.10661237
435,0.27068558,0.06628709,0.12748103,0.41389015
436,0.3851852,0.04830413,0.28278503,0.4875854
437,0.31611896,0.059807833,0.1878439,0.444394
438,0.22067901,0.06145491,0.089690976,0.35166705
439,0.37262875,0.06555531,0.2336577,0.5115998
440,0.109375,0.052056804,-0.002275743,0.22102575
441,0.06451613,0.039496407,-0.020195235,0.1492275
442,0.09333334,0.05786482,-0.030002603,0.21666929
443,0.13271606,0.049550645,0.027101353,0.23833075
444,0.0,,,
445,0.299458,0.07469056,0.13926269,0.45965332
446,0.17142858,0.06979502,0.021733148,0.321124
447,0.4324074,0.074223,0.27205837,0.59275645
448,0.0058479533,0.006145701,-0.0072512976,0.018947205
449,0.34609613,0.07496875,0.18630402,0.5058882
450,0.41875002,0.049094178,0.31345347,0.52404654
451,0.29710147,0.056644294,0.17759244,0.41661048
452,0.0,,,
453,0.38049096,0.057261724,0.25910154,0.5018804
454,0.1395664,0.052096453,0.029652493,0.24948032
455,0.0,,,
456,0.11197917,0.067059286,-0.031848688,0.255807
457,0.025641026,0.025548937,-0.028520301,0.07980236
458,0.062393162,0.039217416,-0.021196777,0.1459831
459,0.017676769,0.018000359,-0.020300668,0.055654205
460,0.11111112,0.07336863,-0.047392175,0.2696144
461,0.04489338,0.04314326,-0.047064304,0.13685106
462,0.086419754,0.048758954,-0.017507493,0.190347
463,0.017580872,0.014455689,-0.013423497,0.048585244
464,0.025396826,0.025884869,-0.029775467,0.08056912
465,0.0,,,
466,0.2968254,0.07895838,0.12852962,0.4651212
467,0.31481484,0.08222858,0.13954878,0.4900809
468,0.22712418,0.05672875,0.107436985,0.34681138
469,0.11033951,0.06277809,-0.022110693,0.24278972
470,0.0,,,
471,0.17832649,0.062636934,0.046174105,0.31047887
472,0.30452678,0.07426164,0.1478484,0.46120515
473,0.07568438,0.04840743,-0.02644637,0.17781514
474,0.072822824,0.04983076,-0.034053523,0.17969918
475,0.07083333,0.03847205,-0.011167893,0.15283456
476,0.101265825,0.054613564,-0.013958722,0.21649037
477,0.13699496,0.068241425,-0.007670401,0.28166032
478,0.06679895,0.051845938,-0.043109536,0.17670743
479,0.11267606,0.045993634,0.015173913,0.2101782
480,0.18809524,0.06312762,0.054270662,0.32191983
481,0.37184346,0.061067868,0.24238536,0.5013015
482,0.09282701,0.051091526,-0.016753413,0.20240743
483,0.11813538,0.04973985,0.0131934695,0.2230773
484,0.0,,,
485,0.19402985,0.055237252,0.07629444,0.31176528
486,0.09950249,0.041176576,0.012627503,0.18637748
487,0.0925926,0.05211086,-0.018479068,0.20366426
488,0.08703704,0.04709895,-0.013980165,0.18805425
489,0.013513514,0.013880026,-0.01607106,0.04309809
490,0.37724018,0.07276596,0.2237174,0.5307629
491,0.120614044,0.063564986,-0.014137702,0.2553658
492,0.10141094,0.050731722,-0.0061355066,0.20895739
493,0.068627454,0.037558578,-0.010993176,0.14824808
494,0.17158933,0.07584096,0.011578894,0.33159974
495,0.14285715,0.05121598,0.034800872,0.2509134
496,0.21180557,0.082414456,0.037094735,0.38651642
497,0.22574957,0.05310576,0.11317038,0.33832875
498,0.33713853,0.06166755,0.20569725,0.4685798
499,0.13760684,0.051134,0.029207604,0.24600609
500,0.21283256,0.05534988,0.09485708,0.33080804
501,0.2134503,0.051763397,0.10311923,0.32378137
502,0.016908213,0.017320938,-0.020010494,0.05382692
503,0.1867955,0.063511826,0.05279727,0.32079375
504,0.30601093,0.078405514,0.13784783,0.47417405
505,0.07671958,0.045329787,-0.02120947,0.17464863
506,0.18157183,0.06193161,0.050907552,0.3122361
507,0.10185186,0.040044002,0.017366394,0.18633732
508,0.045383412,0.031037496,-0.020413142,0.11117997
509,0.3413655,0.056754075,0.22162485,0.4611061
510,0.0,,,
511,0.0057471264,0.0060955756,-0.007326583,0.018820837
512,0.0,,,
513,0.0,,,
514,0.13615024,0.0507011,0.028083399,0.24421707
515,0.27911648,0.07493607,0.121015206,0.43721777
516,0.03527337,0.034965415,-0.039719988,0.11026673
517,0.26556778,0.06803902,0.12133149,0.40980405
518,0.23548922,0.06054066,0.10775959,0.36321884
519,0.022222223,0.022524184,-0.026853757,0.071298204
520,0.06666667,0.036547024,-0.011718902,0.14505224
521,0.13657407,0.050817326,0.029358892,0.24378926
522,0.015151516,0.0155063225,-0.01789943,0.04820246
523,0.15104167,0.060369287,0.02062176,0.2814616
524,0.33333334,0.054485057,0.21837991,0.44828677
525,0.07912459,0.062118266,-0.055073768,0.21332295
526,0.0,,,
527,0.21468927,0.053824846,0.1005857,0.32879284
528,0.09664352,0.04859176,-0.0069273664,0.2002144
529,0.026455028,0.022183869,-0.021470308,0.07438036
530,0.0,,,
531,0.11752137,0.058911275,-0.008045039,0.24308778
532,0.0,,,
533,0.012048193,0.012497286,-0.01475582,0.038852207
534,0.0,,,
535,0.01754386,0.018037474,-0.020902107,0.055989828
536,0.0,,,
537,0.004830918,0.0051100804,-0.006129115,0.01579095
538,0.10569106,0.046144545,0.008334582,0.20304754
539,0.116605625,0.052468922,0.004770766,0.22844048
540,0.3588889,0.06631908,0.21896787,0.49880993
541,0.09967321,0.055486646,-0.017393377,0.2167398
542,0.103249475,0.04915284,-0.00094989146,0.20744884
543,0.11454047,0.050400313,0.0082051065,0.22087584
544,0.20619659,0.05954262,0.08057265,0.33182055
545,0.12619048,0.07201799,-0.029394927,0.2817759
546,0.06715507,0.043453883,-0.024524614,0.15883476
547,0.035460994,0.025252692,-0.017817529,0.088739514
548,0.093474425,0.04518879,-0.0034458812,0.19039474
549,0.4103079,0.04709813,0.31046435,0.5101515
550,0.2777778,0.06798438,0.1343433,0.4212123
551,0.3500882,0.091174856,0.1545376,0.54563886
552,0.2006173,0.06192156,0.06934945,0.33188513
553,0.3707483,0.040230963,0.28546247,0.45603415
554,0.3544686,0.05399908,0.24054052,0.46839672
555,0.3065844,0.059121184,0.18057056,0.4325982
556,0.080000006,0.035449147,0.0052088355,0.15479118
557,0.28055558,0.061338123,0.15114345,0.4099677
558,0.39794686,0.04721938,0.29784626,0.4980475
559,0.34477127,0.063566595,0.21065746,0.47888505
560,0.19850948,0.052673053,0.08684761,0.31017137
561,0.31200898,0.059604287,0.18565355,0.43836442
562,0.0,,,
563,0.087201126,0.05441094,-0.028773045,0.20317529
564,0.0,,,
565,0.0,,,
566,0.25027505,0.055349387,0.13349803,0.36705205
567,0.29403794,0.070249125,0.14430548,0.4437704
568,0.38055557,0.07139374,0.22992794,0.5311832
569,0.27144867,0.043586418,0.1790496,0.36384773
570,0.46423137,0.061146714,0.33390024,0.59456253
571,0.44444448,0.064337835,0.3087035,0.5801855
572,0.0,,,
573,0.068475455,0.045900922,-0.029360047,0.16631095
574,0.0,,,
575,0.024242427,0.025122313,-0.029639576,0.07812443
576,0.05687831,0.046719648,-0.04332537,0.15708199
577,0.10025543,0.041959535,0.011305187,0.18920568
578,0.53472227,0.034018982,0.46294847,0.60649604
579,0.23466003,0.068444125,0.08956498,0.3797551
580,0.4558081,0.06028158,0.326517,0.5850992
581,0.033816427,0.03346299,-0.038475968,0.10610882
582,0.16441442,0.059172675,0.038973954,0.28985488
583,0.1803841,0.046243303,0.08235267,0.2784155
584,0.53151715,0.045139235,0.43530512,0.6277291
585,0.39169475,0.045245465,0.29623514,0.48715433
586,0.48740745,0.06777477,0.34294894,0.631866
587,0.072493225,0.036807064,-0.005162893,0.15014935
588,0.0,,,
589,0.06973996,0.048082046,-0.033385772,0.17286569
590,0.3936966,0.05875008,0.26847374,0.5189194
591,0.47222227,0.103879936,0.25080743,0.69363713
592,0.0,,,
593,0.04390681,0.030982057,-0.02212988,0.1099435
594,0.0,,,
595,0.0,,,
596,0.08099063,0.043454975,-0.011631455,0.17361271
597,0.021909233,0.022204095,-0.025417676,0.069236144
598,0.18034188,0.0711723,0.026583489,0.33410028
599,0.18069585,0.054944012,0.06421975,0.29717195
600,0.0,,,
601,0.26404497,0.07356358,0.10724789,0.42084202
602,0.38230997,0.05804735,0.25925508,0.50536484
603,0.18073137,0.05538994,0.06330994,0.2981528
604,0.39455786,0.06997542,0.24692261,0.5421931
605,0.5439154,0.06869078,0.3989905,0.68884027
606,0.29712862,0.057133168,0.17658815,0.41766906
607,0.39351857,0.079634465,0.22550452,0.56153256
608,0.07377049,0.06706047,-0.068391345,0.21593234
609,0.34615386,0.06750511,0.20373054,0.4885772
610,0.2987805,0.06378211,0.16198148,0.4355795
611,0.7183719,0.036068074,0.64149463,0.7952492
